;ano;mes;seguradora;vendedor;tot_apolices;receita;date;total_receita
0;2019;1;72;58;1;65,3;2019-01-01;65,3
1;2019;1;72;57;4;1360,235;2019-01-01;5440,94
2;2019;1;72;56;3;276,49;2019-01-01;829,47
3;2019;1;72;47;2;-1707,095;2019-01-01;-3414,19
4;2019;1;72;38;3;1080,745;2019-01-01;3242,2349999999997
5;2019;1;72;35;2;446,095;2019-01-01;892,19
6;2019;1;72;20;2;462,035;2019-01-01;924,07
7;2019;1;72;17;1;139,395;2019-01-01;139,395
8;2019;1;72;16;2;125,85;2019-01-01;251,7
9;2019;1;72;14;2;126,785;2019-01-01;253,57
10;2019;1;72;12;6;412,11;2019-01-01;2472,66
11;2019;1;72;9;1;66,515;2019-01-01;66,515
12;2019;1;72;2;3;631,265;2019-01-01;1893,795
13;2019;1;72;1;1;155,67;2019-01-01;155,67
14;2019;1;66;57;2;89,42;2019-01-01;178,84
15;2019;1;66;56;1;90,9;2019-01-01;90,9
16;2019;1;66;55;1;71,42;2019-01-01;71,42
17;2019;1;66;38;5;265,21;2019-01-01;1326,05
18;2019;1;66;20;1;71,42;2019-01-01;71,42
19;2019;1;66;16;3;223,485;2019-01-01;670,455
20;2019;1;66;14;2;642,53;2019-01-01;1285,06
21;2019;1;66;1;1;71,42;2019-01-01;71,42
22;2019;1;44;56;1;84,095;2019-01-01;84,095
23;2019;1;44;42;1;81,8;2019-01-01;81,8
24;2019;1;44;38;4;474,08;2019-01-01;1896,32
25;2019;1;44;16;1;69,0;2019-01-01;69,0
26;2019;1;44;14;1;69,0;2019-01-01;69,0
27;2019;1;44;9;1;83,11;2019-01-01;83,11
28;2019;1;55;20;1;1283,105;2019-01-01;1283,105
29;2019;1;58;9;2;175,175;2019-01-01;350,35
30;2019;1;23;20;1;110,8;2019-01-01;110,8
31;2019;1;21;12;1;3225,78;2019-01-01;3225,78
32;2019;2;21;16;1;395,995;2019-02-01;395,995
33;2019;2;38;56;1;243,45;2019-02-01;243,45
34;2019;2;23;20;1;110,25;2019-02-01;110,25
35;2019;2;58;9;2;100,07;2019-02-01;200,14
36;2019;2;43;17;1;243,265;2019-02-01;243,265
37;2019;2;44;56;1;546,86;2019-02-01;546,86
38;2019;2;44;42;2;76,31;2019-02-01;152,62
39;2019;2;44;38;5;788,665;2019-02-01;3943,325
40;2019;2;44;16;4;344,69;2019-02-01;1378,76
41;2019;2;44;14;2;98,875;2019-02-01;197,75
42;2019;2;44;12;4;352,765;2019-02-01;1411,06
43;2019;2;44;9;2;100,015;2019-02-01;200,03
44;2019;2;64;26;2;113,165;2019-02-01;226,33
45;2019;2;31;57;1;810,835;2019-02-01;810,835
46;2019;2;31;35;1;94,68;2019-02-01;94,68
47;2019;2;31;20;1;880,185;2019-02-01;880,185
48;2019;2;31;1;2;806,33;2019-02-01;1612,66
49;2019;2;66;57;3;997,575;2019-02-01;2992,7250000000004
50;2019;2;66;56;2;105,315;2019-02-01;210,63
51;2019;2;66;47;1;71,42;2019-02-01;71,42
52;2019;2;66;39;1;60,71;2019-02-01;60,71
53;2019;2;66;38;8;506,76;2019-02-01;4054,08
54;2019;2;66;35;3;289,81;2019-02-01;869,4300000000001
55;2019;2;66;20;3;156,815;2019-02-01;470,445
56;2019;2;66;19;5;264,65;2019-02-01;1323,25
57;2019;2;66;18;1;92,985;2019-02-01;92,985
58;2019;2;66;16;4;393,005;2019-02-01;1572,02
59;2019;2;66;14;4;369,59;2019-02-01;1478,36
60;2019;2;66;1;2;205,125;2019-02-01;410,25
61;2019;2;72;57;8;3043,035;2019-02-01;24344,28
62;2019;2;72;56;8;1198,175;2019-02-01;9585,4
63;2019;2;72;47;5;503,455;2019-02-01;2517,275
64;2019;2;72;46;1;104,27;2019-02-01;104,27
65;2019;2;72;42;2;2521,845;2019-02-01;5043,69
66;2019;2;72;41;3;394,86;2019-02-01;1184,58
67;2019;2;72;39;2;932,205;2019-02-01;1864,41
68;2019;2;72;38;10;2750,97;2019-02-01;27509,699999999997
69;2019;2;72;35;4;503,985;2019-02-01;2015,94
70;2019;2;72;20;3;1111,17;2019-02-01;3333,51
71;2019;2;72;18;1;220,06;2019-02-01;220,06
72;2019;2;72;16;7;1714,765;2019-02-01;12003,355000000001
73;2019;2;72;14;8;4534,645;2019-02-01;36277,16
74;2019;2;72;12;13;772,495;2019-02-01;10042,435
75;2019;2;72;9;4;396,685;2019-02-01;1586,74
76;2019;2;72;1;7;1748,59;2019-02-01;12240,13
77;2019;3;72;56;2;-401,11;2019-03-01;-802,22
78;2019;3;72;55;3;818,83;2019-03-01;2456,4900000000002
79;2019;3;72;54;4;3250,915;2019-03-01;13003,66
80;2019;3;72;53;1;72,95;2019-03-01;72,95
81;2019;3;72;52;1;209,055;2019-03-01;209,055
82;2019;3;72;47;5;636,58;2019-03-01;3182,9
83;2019;3;72;46;2;302,815;2019-03-01;605,63
84;2019;3;72;43;7;1099,06;2019-03-01;7693,42
85;2019;3;72;39;1;67,0;2019-03-01;67,0
86;2019;3;72;38;2;418,8;2019-03-01;837,6
87;2019;3;72;20;3;2386,4;2019-03-01;7159,200000000001
88;2019;3;72;17;1;381,35;2019-03-01;381,35
89;2019;3;72;16;10;4084,53;2019-03-01;40845,3
90;2019;3;72;14;3;516,385;2019-03-01;1549,155
91;2019;3;72;12;8;4315,47;2019-03-01;34523,76
92;2019;3;72;9;5;1033,19;2019-03-01;5165,950000000001
93;2019;3;72;1;5;1760,055;2019-03-01;8800,275
94;2019;3;66;57;4;564,665;2019-03-01;2258,66
95;2019;3;66;56;5;242,605;2019-03-01;1213,0249999999999
96;2019;3;66;55;1;105,74;2019-03-01;105,74
97;2019;3;66;52;1;86,055;2019-03-01;86,055
98;2019;3;66;46;6;230,11;2019-03-01;1380,66
99;2019;3;66;43;1;65,91;2019-03-01;65,91
100;2019;3;66;39;1;64,99;2019-03-01;64,99
101;2019;3;66;38;7;1566,755;2019-03-01;10967,285
102;2019;3;66;19;1;79,725;2019-03-01;79,725
103;2019;3;66;17;3;164,915;2019-03-01;494,745
104;2019;3;66;16;4;162,05;2019-03-01;648,2
105;2019;3;66;14;4;518,18;2019-03-01;2072,72
106;2019;3;66;13;1;169,01;2019-03-01;169,01
107;2019;3;66;2;1;87,17;2019-03-01;87,17
108;2019;3;66;1;5;706,425;2019-03-01;3532,125
109;2019;3;31;57;1;187,825;2019-03-01;187,825
110;2019;3;31;54;1;122,045;2019-03-01;122,045
111;2019;3;31;20;1;2182,525;2019-03-01;2182,525
112;2019;3;31;12;1;3419,16;2019-03-01;3419,16
113;2019;3;31;9;1;255,875;2019-03-01;255,875
114;2019;3;64;57;1;75,0;2019-03-01;75,0
115;2019;3;64;16;1;104,23;2019-03-01;104,23
116;2019;3;83;56;1;57,77;2019-03-01;57,77
117;2019;3;81;54;1;102,7;2019-03-01;102,7
118;2019;3;81;20;1;2002,635;2019-03-01;2002,635
119;2019;3;44;56;2;561,495;2019-03-01;1122,99
120;2019;3;44;42;3;142,405;2019-03-01;427,21500000000003
121;2019;3;44;38;7;170,985;2019-03-01;1196,895
122;2019;3;44;35;2;69,0;2019-03-01;138,0
123;2019;3;44;16;5;186,1;2019-03-01;930,5
124;2019;3;44;12;7;185,885;2019-03-01;1301,195
125;2019;3;44;9;1;69,0;2019-03-01;69,0
126;2019;3;43;56;1;79,255;2019-03-01;79,255
127;2019;3;58;9;2;100,07;2019-03-01;200,14
128;2019;3;23;20;1;110,25;2019-03-01;110,25
129;2019;3;55;20;2;411,955;2019-03-01;823,91
130;2019;3;42;59;1;101,845;2019-03-01;101,845
131;2019;3;21;20;5;1381,1;2019-03-01;6905,5
132;2019;3;13;57;1;146,975;2019-03-01;146,975
133;2019;4;21;20;2;522,985;2019-04-01;1045,97
134;2019;4;55;20;3;3119,31;2019-04-01;9357,93
135;2019;4;55;19;1;270,655;2019-04-01;270,655
136;2019;4;23;16;2;175,37;2019-04-01;350,74
137;2019;4;43;56;1;79,255;2019-04-01;79,255
138;2019;4;44;56;1;173,46;2019-04-01;173,46
139;2019;4;44;54;1;542,175;2019-04-01;542,175
140;2019;4;44;42;4;100,465;2019-04-01;401,86
141;2019;4;44;38;15;1601,595;2019-04-01;24023,925
142;2019;4;44;35;1;59,5;2019-04-01;59,5
143;2019;4;44;17;1;59,0;2019-04-01;59,0
144;2019;4;44;16;3;111,75;2019-04-01;335,25
145;2019;4;44;12;7;257,275;2019-04-01;1800,9249999999997
146;2019;4;44;9;4;137,185;2019-04-01;548,74
147;2019;4;83;56;1;57,77;2019-04-01;57,77
148;2019;4;64;57;2;146,1;2019-04-01;292,2
149;2019;4;64;26;6;1669,51;2019-04-01;10017,06
150;2019;4;64;16;1;394,815;2019-04-01;394,815
151;2019;4;31;56;2;1233,775;2019-04-01;2467,55
152;2019;4;31;12;1;3419,16;2019-04-01;3419,16
153;2019;4;31;9;1;87,5;2019-04-01;87,5
154;2019;4;66;58;1;58,61;2019-04-01;58,61
155;2019;4;66;57;2;93,18;2019-04-01;186,36
156;2019;4;66;56;16;1268,605;2019-04-01;20297,68
157;2019;4;66;55;2;111,45;2019-04-01;222,9
158;2019;4;66;54;1;70,52;2019-04-01;70,52
159;2019;4;66;52;1;113,815;2019-04-01;113,815
160;2019;4;66;41;1;286,795;2019-04-01;286,795
161;2019;4;66;38;5;1268,66;2019-04-01;6343,3
162;2019;4;66;20;2;520,37;2019-04-01;1040,74
163;2019;4;66;19;1;97,6;2019-04-01;97,6
164;2019;4;66;16;6;452,685;2019-04-01;2716,11
165;2019;4;66;14;7;1980,64;2019-04-01;13864,480000000001
166;2019;4;66;1;2;177,54;2019-04-01;355,08
167;2019;4;72;58;1;325,62;2019-04-01;325,62
168;2019;4;72;57;5;381,14;2019-04-01;1905,6999999999998
169;2019;4;72;56;16;1602,375;2019-04-01;25638,0
170;2019;4;72;55;1;487,06;2019-04-01;487,06
171;2019;4;72;54;6;4437,425;2019-04-01;26624,550000000003
172;2019;4;72;52;1;234,125;2019-04-01;234,125
173;2019;4;72;47;5;234,245;2019-04-01;1171,225
174;2019;4;72;46;1;225,065;2019-04-01;225,065
175;2019;4;72;43;3;284,92;2019-04-01;854,76
176;2019;4;72;42;2;111,715;2019-04-01;223,43
177;2019;4;72;41;1;651,81;2019-04-01;651,81
178;2019;4;72;39;1;6269,195;2019-04-01;6269,195
179;2019;4;72;38;15;6013,9;2019-04-01;90208,5
180;2019;4;72;35;3;284,88;2019-04-01;854,64
181;2019;4;72;20;2;725,55;2019-04-01;1451,1
182;2019;4;72;19;11;5873,685;2019-04-01;64610,535
183;2019;4;72;16;9;3636,405;2019-04-01;32727,645
184;2019;4;72;14;8;5634,165;2019-04-01;45073,32
185;2019;4;72;12;9;5312,975;2019-04-01;47816,775
186;2019;4;72;9;2;152,21;2019-04-01;304,42
187;2019;4;72;1;4;1095,23;2019-04-01;4380,92
188;2019;5;72;59;2;115,81;2019-05-01;231,62
189;2019;5;72;57;1;94,59;2019-05-01;94,59
190;2019;5;72;56;2;1767,72;2019-05-01;3535,44
191;2019;5;72;55;1;487,06;2019-05-01;487,06
192;2019;5;72;54;5;3273,49;2019-05-01;16367,449999999999
193;2019;5;72;47;1;56,375;2019-05-01;56,375
194;2019;5;72;43;2;457,345;2019-05-01;914,69
195;2019;5;72;38;4;624,355;2019-05-01;2497,42
196;2019;5;72;20;1;430,545;2019-05-01;430,545
197;2019;5;72;19;7;4823,11;2019-05-01;33761,77
198;2019;5;72;17;7;1266,63;2019-05-01;8866,41
199;2019;5;72;16;5;1843,695;2019-05-01;9218,475
200;2019;5;72;14;7;1648,115;2019-05-01;11536,805
201;2019;5;72;12;10;1133,035;2019-05-01;11330,35
202;2019;5;72;9;2;284,885;2019-05-01;569,77
203;2019;5;72;1;2;710,345;2019-05-01;1420,69
204;2019;5;66;58;1;361,155;2019-05-01;361,155
205;2019;5;66;57;3;107,415;2019-05-01;322,245
206;2019;5;66;56;6;695,255;2019-05-01;4171,53
207;2019;5;66;55;4;67,74;2019-05-01;270,96
208;2019;5;66;54;2;1026,33;2019-05-01;2052,66
209;2019;5;66;52;2;284,555;2019-05-01;569,11
210;2019;5;66;47;2;161,875;2019-05-01;323,75
211;2019;5;66;44;1;87,475;2019-05-01;87,475
212;2019;5;66;43;1;89,185;2019-05-01;89,185
213;2019;5;66;42;1;162,96;2019-05-01;162,96
214;2019;5;66;38;2;177,175;2019-05-01;354,35
215;2019;5;66;20;5;372,065;2019-05-01;1860,325
216;2019;5;66;19;11;540,59;2019-05-01;5946,490000000001
217;2019;5;66;17;1;71,42;2019-05-01;71,42
218;2019;5;66;16;8;370,93;2019-05-01;2967,44
219;2019;5;66;14;10;678,465;2019-05-01;6784,650000000001
220;2019;5;66;1;3;238,88;2019-05-01;716,64
221;2019;5;31;57;6;4430,165;2019-05-01;26580,989999999998
222;2019;5;31;26;1;-4622,065;2019-05-01;-4622,065
223;2019;5;31;16;2;2369,195;2019-05-01;4738,39
224;2019;5;31;12;3;5040,75;2019-05-01;15122,25
225;2019;5;31;1;1;108,4;2019-05-01;108,4
226;2019;5;64;57;5;294,575;2019-05-01;1472,875
227;2019;5;64;16;3;450,53;2019-05-01;1351,59
228;2019;5;83;42;1;60,385;2019-05-01;60,385
229;2019;5;81;54;1;82,06;2019-05-01;82,06
230;2019;5;44;58;1;82,86;2019-05-01;82,86
231;2019;5;44;54;7;807,045;2019-05-01;5649,315
232;2019;5;44;42;4;227,83;2019-05-01;911,32
233;2019;5;44;39;1;61,875;2019-05-01;61,875
234;2019;5;44;38;13;689,555;2019-05-01;8964,215
235;2019;5;44;35;1;75,0;2019-05-01;75,0
236;2019;5;44;17;1;41,0;2019-05-01;41,0
237;2019;5;44;16;4;952,825;2019-05-01;3811,3
238;2019;5;44;14;1;2161,05;2019-05-01;2161,05
239;2019;5;44;12;7;929,11;2019-05-01;6503,77
240;2019;5;44;9;7;451,305;2019-05-01;3159,135
241;2019;5;43;56;1;79,255;2019-05-01;79,255
242;2019;5;23;56;1;566,35;2019-05-01;566,35
243;2019;5;21;54;1;-171,935;2019-05-01;-171,935
244;2019;5;21;20;3;597,11;2019-05-01;1791,33
245;2019;5;19;54;1;330,865;2019-05-01;330,865
246;2019;6;19;54;1;330,865;2019-06-01;330,865
247;2019;6;42;20;1;234,005;2019-06-01;234,005
248;2019;6;21;20;4;678,315;2019-06-01;2713,26
249;2019;6;21;16;1;60,365;2019-06-01;60,365
250;2019;6;13;18;1;314,14;2019-06-01;314,14
251;2019;6;13;16;1;224,565;2019-06-01;224,565
252;2019;6;23;56;1;153,295;2019-06-01;153,295
253;2019;6;43;56;2;97,895;2019-06-01;195,79
254;2019;6;55;57;1;4963,17;2019-06-01;4963,17
255;2019;6;55;20;5;6644,87;2019-06-01;33224,35
256;2019;6;44;56;3;3542,07;2019-06-01;10626,210000000001
257;2019;6;44;42;1;61,875;2019-06-01;61,875
258;2019;6;44;39;2;75,275;2019-06-01;150,55
259;2019;6;44;38;5;178,895;2019-06-01;894,475
260;2019;6;44;20;1;78,485;2019-06-01;78,485
261;2019;6;44;16;5;344,415;2019-06-01;1722,075
262;2019;6;44;15;1;520,705;2019-06-01;520,705
263;2019;6;44;14;8;300,69;2019-06-01;2405,52
264;2019;6;44;12;5;181,6;2019-06-01;908,0
265;2019;6;44;9;3;139,74;2019-06-01;419,22
266;2019;6;81;54;1;115,085;2019-06-01;115,085
267;2019;6;83;56;1;57,77;2019-06-01;57,77
268;2019;6;83;42;1;60,385;2019-06-01;60,385
269;2019;6;64;57;2;220,85;2019-06-01;441,7
270;2019;6;64;16;1;394,815;2019-06-01;394,815
271;2019;6;31;57;3;314,825;2019-06-01;944,4749999999999
272;2019;6;31;56;1;810,42;2019-06-01;810,42
273;2019;6;31;38;1;675,28;2019-06-01;675,28
274;2019;6;31;16;1;240,65;2019-06-01;240,65
275;2019;6;31;12;1;163,51;2019-06-01;163,51
276;2019;6;31;9;1;127,785;2019-06-01;127,785
277;2019;6;66;57;9;909,48;2019-06-01;8185,32
278;2019;6;66;56;5;308,24;2019-06-01;1541,2
279;2019;6;66;55;6;115,155;2019-06-01;690,9300000000001
280;2019;6;66;54;1;382,205;2019-06-01;382,205
281;2019;6;66;46;1;76,825;2019-06-01;76,825
282;2019;6;66;43;1;100,06;2019-06-01;100,06
283;2019;6;66;42;3;210,96;2019-06-01;632,88
284;2019;6;66;38;5;1244,415;2019-06-01;6222,075
285;2019;6;66;20;11;410,665;2019-06-01;4517,3150000000005
286;2019;6;66;19;11;1066,66;2019-06-01;11733,26
287;2019;6;66;16;4;315,645;2019-06-01;1262,58
288;2019;6;66;14;1;88,84;2019-06-01;88,84
289;2019;6;66;2;1;75,0;2019-06-01;75,0
290;2019;6;66;1;2;594,02;2019-06-01;1188,04
291;2019;6;72;59;2;92,84;2019-06-01;185,68
292;2019;6;72;57;4;1837,075;2019-06-01;7348,3
293;2019;6;72;56;11;14808,835;2019-06-01;162897,185
294;2019;6;72;55;3;1977,6;2019-06-01;5932,799999999999
295;2019;6;72;54;3;2641,08;2019-06-01;7923,24
296;2019;6;72;47;3;232,84;2019-06-01;698,52
297;2019;6;72;46;1;225,065;2019-06-01;225,065
298;2019;6;72;43;5;364,735;2019-06-01;1823,6750000000002
299;2019;6;72;42;2;371,19;2019-06-01;742,38
300;2019;6;72;41;1;457,815;2019-06-01;457,815
301;2019;6;72;39;1;621,07;2019-06-01;621,07
302;2019;6;72;38;1;199,645;2019-06-01;199,645
303;2019;6;72;35;4;581,96;2019-06-01;2327,84
304;2019;6;72;20;1;90,16;2019-06-01;90,16
305;2019;6;72;19;5;1601,285;2019-06-01;8006,425
306;2019;6;72;17;2;553,31;2019-06-01;1106,62
307;2019;6;72;16;17;4668,9;2019-06-01;79371,29999999999
308;2019;6;72;14;10;2275,985;2019-06-01;22759,850000000002
309;2019;6;72;12;14;2543,39;2019-06-01;35607,46
310;2019;6;72;9;4;750,885;2019-06-01;3003,54
311;2019;6;72;1;2;673,84;2019-06-01;1347,68
312;2019;7;72;59;1;100,24;2019-07-01;100,24
313;2019;7;72;57;13;2716,105;2019-07-01;35309,365
314;2019;7;72;56;6;476,93;2019-07-01;2861,58
315;2019;7;72;54;2;518,665;2019-07-01;1037,33
316;2019;7;72;47;2;246,29;2019-07-01;492,58
317;2019;7;72;46;1;225,065;2019-07-01;225,065
318;2019;7;72;43;3;1000,52;2019-07-01;3001,56
319;2019;7;72;42;3;251,515;2019-07-01;754,545
320;2019;7;72;41;2;2633,815;2019-07-01;5267,63
321;2019;7;72;39;2;990,6;2019-07-01;1981,2
322;2019;7;72;38;15;2004,27;2019-07-01;30064,05
323;2019;7;72;35;11;928,035;2019-07-01;10208,385
324;2019;7;72;20;5;3858,925;2019-07-01;19294,625
325;2019;7;72;19;2;678,34;2019-07-01;1356,68
326;2019;7;72;18;2;-705,945;2019-07-01;-1411,89
327;2019;7;72;17;1;453,58;2019-07-01;453,58
328;2019;7;72;16;12;3043,705;2019-07-01;36524,46
329;2019;7;72;14;15;5740,98;2019-07-01;86114,7
330;2019;7;72;12;12;231,945;2019-07-01;2783,34
331;2019;7;72;9;1;62,75;2019-07-01;62,75
332;2019;7;72;2;3;377,235;2019-07-01;1131,705
333;2019;7;72;1;2;252,37;2019-07-01;504,74
334;2019;7;66;59;1;71,42;2019-07-01;71,42
335;2019;7;66;58;2;86,535;2019-07-01;173,07
336;2019;7;66;57;5;341,745;2019-07-01;1708,725
337;2019;7;66;56;11;544,595;2019-07-01;5990,545
338;2019;7;66;55;5;165,325;2019-07-01;826,625
339;2019;7;66;54;2;499,5;2019-07-01;999,0
340;2019;7;66;52;1;123,65;2019-07-01;123,65
341;2019;7;66;43;1;94,145;2019-07-01;94,145
342;2019;7;66;42;3;617,605;2019-07-01;1852,815
343;2019;7;66;39;1;153,21;2019-07-01;153,21
344;2019;7;66;38;5;989,715;2019-07-01;4948,575
345;2019;7;66;35;12;233,08;2019-07-01;2796,96
346;2019;7;66;20;6;963,985;2019-07-01;5783,91
347;2019;7;66;19;6;262,655;2019-07-01;1575,9299999999998
348;2019;7;66;17;3;449,58;2019-07-01;1348,74
349;2019;7;66;16;17;1452,33;2019-07-01;24689,61
350;2019;7;66;14;4;533,73;2019-07-01;2134,92
351;2019;7;66;6;1;13704,52;2019-07-01;13704,52
352;2019;7;66;1;3;129,71;2019-07-01;389,13
353;2019;7;31;56;1;981,415;2019-07-01;981,415
354;2019;7;31;54;2;2892,38;2019-07-01;5784,76
355;2019;7;31;47;1;828,81;2019-07-01;828,81
356;2019;7;31;39;1;136,89;2019-07-01;136,89
357;2019;7;31;35;2;-901,49;2019-07-01;-1802,98
358;2019;7;31;16;3;1719,895;2019-07-01;5159,6849999999995
359;2019;7;31;9;3;162,5;2019-07-01;487,5
360;2019;7;64;57;2;185,355;2019-07-01;370,71
361;2019;7;64;26;3;1717,98;2019-07-01;5153,9400000000005
362;2019;7;64;16;3;535,085;2019-07-01;1605,255
363;2019;7;83;54;1;612,55;2019-07-01;612,55
364;2019;7;83;42;2;72,035;2019-07-01;144,07
365;2019;7;83;16;1;-68,465;2019-07-01;-68,465
366;2019;7;74;2;1;58,35;2019-07-01;58,35
367;2019;7;44;56;2;97,5;2019-07-01;195,0
368;2019;7;44;54;3;416,93;2019-07-01;1250,79
369;2019;7;44;47;1;100,0;2019-07-01;100,0
370;2019;7;44;43;1;155,43;2019-07-01;155,43
371;2019;7;44;42;8;377,44;2019-07-01;3019,52
372;2019;7;44;39;1;61,875;2019-07-01;61,875
373;2019;7;44;38;15;456,79;2019-07-01;6851,85
374;2019;7;44;17;1;72,5;2019-07-01;72,5
375;2019;7;44;16;8;372,3;2019-07-01;2978,4
376;2019;7;44;14;7;240,425;2019-07-01;1682,9750000000001
377;2019;7;44;13;1;150,0;2019-07-01;150,0
378;2019;7;44;12;5;342,94;2019-07-01;1714,7
379;2019;7;44;9;3;314,71;2019-07-01;944,1299999999999
380;2019;7;55;57;1;2506,585;2019-07-01;2506,585
381;2019;7;55;20;1;174,565;2019-07-01;174,565
382;2019;7;23;9;1;300,76;2019-07-01;300,76
383;2019;7;13;57;1;110,3;2019-07-01;110,3
384;2019;7;13;16;1;250,51;2019-07-01;250,51
385;2019;7;21;20;2;258,145;2019-07-01;516,29
386;2019;7;42;58;1;219,05;2019-07-01;219,05
387;2019;7;19;54;1;388,785;2019-07-01;388,785
388;2019;8;19;54;1;388,785;2019-08-01;388,785
389;2019;8;19;13;1;335,625;2019-08-01;335,625
390;2019;8;21;16;1;159,54;2019-08-01;159,54
391;2019;8;6;12;1;-137,08;2019-08-01;-137,08
392;2019;8;23;16;1;2201,69;2019-08-01;2201,69
393;2019;8;43;17;1;130,93;2019-08-01;130,93
394;2019;8;54;42;1;1031,16;2019-08-01;1031,16
395;2019;8;75;22;1;87,5;2019-08-01;87,5
396;2019;8;62;22;1;318,28;2019-08-01;318,28
397;2019;8;55;20;1;1229,275;2019-08-01;1229,275
398;2019;8;55;19;1;8396,83;2019-08-01;8396,83
399;2019;8;44;42;6;308,765;2019-08-01;1852,59
400;2019;8;44;38;5;275,635;2019-08-01;1378,175
401;2019;8;44;35;1;61,875;2019-08-01;61,875
402;2019;8;44;16;8;237,575;2019-08-01;1900,6
403;2019;8;44;14;5;168,75;2019-08-01;843,75
404;2019;8;44;12;4;162,77;2019-08-01;651,08
405;2019;8;44;9;2;97,5;2019-08-01;195,0
406;2019;8;44;2;1;69,0;2019-08-01;69,0
407;2019;8;44;1;1;130,78;2019-08-01;130,78
408;2019;8;74;20;2;1627,375;2019-08-01;3254,75
409;2019;8;77;20;1;2329,63;2019-08-01;2329,63
410;2019;8;81;47;3;172,4;2019-08-01;517,2
411;2019;8;83;54;1;612,56;2019-08-01;612,56
412;2019;8;83;42;1;89,955;2019-08-01;89,955
413;2019;8;64;57;1;604,7;2019-08-01;604,7
414;2019;8;64;26;1;1334,875;2019-08-01;1334,875
415;2019;8;64;16;1;97,115;2019-08-01;97,115
416;2019;8;31;57;5;2434,175;2019-08-01;12170,875
417;2019;8;31;39;1;68,75;2019-08-01;68,75
418;2019;8;31;38;3;1129,04;2019-08-01;3387,12
419;2019;8;31;35;6;4350,955;2019-08-01;26105,73
420;2019;8;31;16;7;4139,555;2019-08-01;28976,885000000002
421;2019;8;31;14;1;210,17;2019-08-01;210,17
422;2019;8;66;59;3;53,68;2019-08-01;161,04
423;2019;8;66;58;1;82,87;2019-08-01;82,87
424;2019;8;66;57;7;958,185;2019-08-01;6707,295
425;2019;8;66;56;6;572,185;2019-08-01;3433,1099999999997
426;2019;8;66;55;1;71,415;2019-08-01;71,415
427;2019;8;66;47;2;121,835;2019-08-01;243,67
428;2019;8;66;44;1;98,215;2019-08-01;98,215
429;2019;8;66;43;8;1084,645;2019-08-01;8677,16
430;2019;8;66;39;1;77,005;2019-08-01;77,005
431;2019;8;66;38;5;332,2;2019-08-01;1661,0
432;2019;8;66;35;6;320,61;2019-08-01;1923,66
433;2019;8;66;20;4;165,665;2019-08-01;662,66
434;2019;8;66;19;20;2017,99;2019-08-01;40359,8
435;2019;8;66;17;1;146,43;2019-08-01;146,43
436;2019;8;66;16;8;822,7;2019-08-01;6581,6
437;2019;8;66;14;7;560,98;2019-08-01;3926,86
438;2019;8;66;9;2;204,795;2019-08-01;409,59
439;2019;8;66;2;7;344,87;2019-08-01;2414,09
440;2019;8;66;1;1;488,505;2019-08-01;488,505
441;2019;8;72;59;5;1160,47;2019-08-01;5802,35
442;2019;8;72;56;9;3789,495;2019-08-01;34105,455
443;2019;8;72;54;1;165,34;2019-08-01;165,34
444;2019;8;72;47;3;1150,075;2019-08-01;3450,2250000000004
445;2019;8;72;43;6;687,795;2019-08-01;4126,7699999999995
446;2019;8;72;42;5;1152,795;2019-08-01;5763,975
447;2019;8;72;41;5;1204,66;2019-08-01;6023,3
448;2019;8;72;38;5;642,175;2019-08-01;3210,875
449;2019;8;72;35;7;-515,955;2019-08-01;-3611,6850000000004
450;2019;8;72;20;3;2650,24;2019-08-01;7950,719999999999
451;2019;8;72;19;3;819,595;2019-08-01;2458,785
452;2019;8;72;16;15;4600,555;2019-08-01;69008,32500000001
453;2019;8;72;14;8;2642,67;2019-08-01;21141,36
454;2019;8;72;13;1;90,195;2019-08-01;90,195
455;2019;8;72;12;22;1203,275;2019-08-01;26472,050000000003
456;2019;8;72;9;3;1237,475;2019-08-01;3712,4249999999997
457;2019;8;72;2;4;150,45;2019-08-01;601,8
458;2019;8;72;1;1;289,75;2019-08-01;289,75
459;2019;9;72;59;4;178,205;2019-09-01;712,82
460;2019;9;72;57;1;245,15;2019-09-01;245,15
461;2019;9;72;56;1;349,15;2019-09-01;349,15
462;2019;9;72;47;1;362,145;2019-09-01;362,145
463;2019;9;72;43;2;285,625;2019-09-01;571,25
464;2019;9;72;42;1;119,145;2019-09-01;119,145
465;2019;9;72;39;2;283,46;2019-09-01;566,92
466;2019;9;72;38;3;1917,585;2019-09-01;5752,755
467;2019;9;72;17;2;266,29;2019-09-01;532,58
468;2019;9;72;16;8;4005,715;2019-09-01;32045,72
469;2019;9;72;15;1;261,175;2019-09-01;261,175
470;2019;9;72;14;7;3294,63;2019-09-01;23062,41
471;2019;9;72;12;7;912,035;2019-09-01;6384,245
472;2019;9;72;9;3;382,33;2019-09-01;1146,99
473;2019;9;72;2;3;1297,45;2019-09-01;3892,3500000000004
474;2019;9;66;57;5;797,215;2019-09-01;3986,0750000000003
475;2019;9;66;56;4;158,615;2019-09-01;634,46
476;2019;9;66;55;3;311,84;2019-09-01;935,52
477;2019;9;66;44;2;209,445;2019-09-01;418,89
478;2019;9;66;43;1;150,19;2019-09-01;150,19
479;2019;9;66;42;1;289,705;2019-09-01;289,705
480;2019;9;66;39;4;687,2;2019-09-01;2748,8
481;2019;9;66;38;1;60,71;2019-09-01;60,71
482;2019;9;66;35;1;108,935;2019-09-01;108,935
483;2019;9;66;20;6;306,545;2019-09-01;1839,27
484;2019;9;66;19;20;2330,84;2019-09-01;46616,8
485;2019;9;66;16;17;936,64;2019-09-01;15922,88
486;2019;9;66;14;3;291,235;2019-09-01;873,705
487;2019;9;66;9;3;348,13;2019-09-01;1044,3899999999999
488;2019;9;66;1;2;348,825;2019-09-01;697,65
489;2019;9;31;57;3;718,2;2019-09-01;2154,6000000000004
490;2019;9;31;38;3;1133,13;2019-09-01;3399,3900000000003
491;2019;9;31;35;3;6252,6;2019-09-01;18757,800000000003
492;2019;9;31;16;3;1302,7;2019-09-01;3908,1000000000004
493;2019;9;31;9;5;233,235;2019-09-01;1166,1750000000002
494;2019;9;64;57;1;327,35;2019-09-01;327,35
495;2019;9;64;26;2;455,385;2019-09-01;910,77
496;2019;9;64;16;2;246,85;2019-09-01;493,7
497;2019;9;83;54;1;612,56;2019-09-01;612,56
498;2019;9;83;42;1;73,3;2019-09-01;73,3
499;2019;9;77;20;1;2319,855;2019-09-01;2319,855
500;2019;9;44;59;1;71,25;2019-09-01;71,25
501;2019;9;44;57;1;200,94;2019-09-01;200,94
502;2019;9;44;54;1;100,0;2019-09-01;100,0
503;2019;9;44;42;10;518,485;2019-09-01;5184,85
504;2019;9;44;39;1;61,875;2019-09-01;61,875
505;2019;9;44;38;6;444,77;2019-09-01;2668,62
506;2019;9;44;17;3;118,875;2019-09-01;356,625
507;2019;9;44;16;9;839,765;2019-09-01;7557,885
508;2019;9;44;14;1;74,19;2019-09-01;74,19
509;2019;9;44;12;7;787,86;2019-09-01;5515,02
510;2019;9;44;9;3;125,205;2019-09-01;375,615
511;2019;9;55;20;1;479,22;2019-09-01;479,22
512;2019;9;55;12;1;25766,23;2019-09-01;25766,23
513;2019;9;62;22;1;2231,67;2019-09-01;2231,67
514;2019;9;54;42;1;1031,16;2019-09-01;1031,16
515;2019;9;23;16;1;2201,695;2019-09-01;2201,695
516;2019;9;6;17;1;73,085;2019-09-01;73,085
517;2019;9;21;57;1;3740,865;2019-09-01;3740,865
518;2019;9;21;56;1;140,0;2019-09-01;140,0
519;2019;9;21;20;1;404,565;2019-09-01;404,565
520;2019;9;21;16;3;1493,14;2019-09-01;4479,42
521;2019;9;19;13;1;337,045;2019-09-01;337,045
522;2019;10;35;20;1;67,88;2019-10-01;67,88
523;2019;10;21;20;1;76,75;2019-10-01;76,75
524;2019;10;21;16;1;50,0;2019-10-01;50,0
525;2019;10;13;16;1;86,775;2019-10-01;86,775
526;2019;10;54;42;1;1031,16;2019-10-01;1031,16
527;2019;10;56;17;1;279,66;2019-10-01;279,66
528;2019;10;55;20;2;4914,39;2019-10-01;9828,78
529;2019;10;44;54;1;1234,12;2019-10-01;1234,12
530;2019;10;44;42;3;113,85;2019-10-01;341,54999999999995
531;2019;10;44;38;5;239,915;2019-10-01;1199,575
532;2019;10;44;20;1;72,895;2019-10-01;72,895
533;2019;10;44;16;12;3748,0;2019-10-01;44976,0
534;2019;10;44;12;8;1134,19;2019-10-01;9073,52
535;2019;10;44;9;6;231,51;2019-10-01;1389,06
536;2019;10;83;54;1;612,56;2019-10-01;612,56
537;2019;10;83;42;2;81,625;2019-10-01;163,25
538;2019;10;64;57;1;327,35;2019-10-01;327,35
539;2019;10;64;26;1;494,605;2019-10-01;494,605
540;2019;10;64;22;1;67,63;2019-10-01;67,63
541;2019;10;64;16;1;250,6;2019-10-01;250,6
542;2019;10;31;42;1;110,26;2019-10-01;110,26
543;2019;10;31;39;1;87,5;2019-10-01;87,5
544;2019;10;31;38;1;75,0;2019-10-01;75,0
545;2019;10;31;35;1;-1020,81;2019-10-01;-1020,81
546;2019;10;31;16;3;2103,195;2019-10-01;6309,585000000001
547;2019;10;31;14;1;140,465;2019-10-01;140,465
548;2019;10;31;12;1;384,58;2019-10-01;384,58
549;2019;10;66;58;1;236,75;2019-10-01;236,75
550;2019;10;66;57;6;1861,2;2019-10-01;11167,2
551;2019;10;66;56;2;238,075;2019-10-01;476,15
552;2019;10;66;44;1;133,69;2019-10-01;133,69
553;2019;10;66;43;1;62,31;2019-10-01;62,31
554;2019;10;66;42;3;265,695;2019-10-01;797,085
555;2019;10;66;39;2;98,595;2019-10-01;197,19
556;2019;10;66;38;13;2429,15;2019-10-01;31578,95
557;2019;10;66;20;6;460,19;2019-10-01;2761,14
558;2019;10;66;19;4;244,895;2019-10-01;979,58
559;2019;10;66;17;5;4314,595;2019-10-01;21572,975000000002
560;2019;10;66;16;19;1080,66;2019-10-01;20532,54
561;2019;10;66;14;2;227,44;2019-10-01;454,88
562;2019;10;66;9;2;201,735;2019-10-01;403,47
563;2019;10;72;59;1;284,205;2019-10-01;284,205
564;2019;10;72;57;10;1791,745;2019-10-01;17917,449999999997
565;2019;10;72;56;2;-175,285;2019-10-01;-350,57
566;2019;10;72;55;2;77,76;2019-10-01;155,52
567;2019;10;72;54;2;373,02;2019-10-01;746,04
568;2019;10;72;44;3;1280,625;2019-10-01;3841,875
569;2019;10;72;42;1;148,67;2019-10-01;148,67
570;2019;10;72;41;1;237,14;2019-10-01;237,14
571;2019;10;72;39;1;621,07;2019-10-01;621,07
572;2019;10;72;38;11;1990,925;2019-10-01;21900,175
573;2019;10;72;35;11;-447,08;2019-10-01;-4917,88
574;2019;10;72;20;2;430,4;2019-10-01;860,8
575;2019;10;72;16;24;7652,315;2019-10-01;183655,56
576;2019;10;72;14;4;1464,57;2019-10-01;5858,28
577;2019;10;72;12;16;1438,88;2019-10-01;23022,08
578;2019;10;72;9;15;2990,31;2019-10-01;44854,65
579;2019;10;72;2;4;401,535;2019-10-01;1606,14
580;2019;10;72;1;2;1136,04;2019-10-01;2272,08
581;2019;11;72;59;2;110,0;2019-11-01;220,0
582;2019;11;72;57;5;1707,25;2019-11-01;8536,25
583;2019;11;72;56;1;181,69;2019-11-01;181,69
584;2019;11;72;52;1;788,215;2019-11-01;788,215
585;2019;11;72;47;1;81,88;2019-11-01;81,88
586;2019;11;72;42;1;94,87;2019-11-01;94,87
587;2019;11;72;41;1;237,14;2019-11-01;237,14
588;2019;11;72;38;8;1893,78;2019-11-01;15150,24
589;2019;11;72;35;11;-3724,0;2019-11-01;-40964,0
590;2019;11;72;20;1;106,22;2019-11-01;106,22
591;2019;11;72;19;1;596,3;2019-11-01;596,3
592;2019;11;72;16;11;1513,43;2019-11-01;16647,73
593;2019;11;72;14;2;3150,74;2019-11-01;6301,48
594;2019;11;72;12;15;947,585;2019-11-01;14213,775000000001
595;2019;11;72;9;6;1019,3;2019-11-01;6115,799999999999
596;2019;11;72;2;2;84,165;2019-11-01;168,33
597;2019;11;72;1;3;2264,775;2019-11-01;6794,325000000001
598;2019;11;66;59;1;71,42;2019-11-01;71,42
599;2019;11;66;57;6;943,9;2019-11-01;5663,4
600;2019;11;66;56;1;78,195;2019-11-01;78,195
601;2019;11;66;55;1;153,05;2019-11-01;153,05
602;2019;11;66;52;1;274,79;2019-11-01;274,79
603;2019;11;66;43;4;431,72;2019-11-01;1726,88
604;2019;11;66;39;3;263,87;2019-11-01;791,61
605;2019;11;66;38;5;887,635;2019-11-01;4438,175
606;2019;11;66;35;1;110,715;2019-11-01;110,715
607;2019;11;66;20;5;989,525;2019-11-01;4947,625
608;2019;11;66;19;5;1208,33;2019-11-01;6041,65
609;2019;11;66;17;4;768,215;2019-11-01;3072,86
610;2019;11;66;16;16;1511,31;2019-11-01;24180,96
611;2019;11;66;14;1;71,42;2019-11-01;71,42
612;2019;11;66;13;1;234,11;2019-11-01;234,11
613;2019;11;66;9;5;374,285;2019-11-01;1871,4250000000002
614;2019;11;66;2;1;72,99;2019-11-01;72,99
615;2019;11;31;57;6;5044,25;2019-11-01;30265,5
616;2019;11;31;52;1;87,5;2019-11-01;87,5
617;2019;11;31;38;5;202,675;2019-11-01;1013,375
618;2019;11;31;35;5;10779,65;2019-11-01;53898,25
619;2019;11;31;16;3;5105,26;2019-11-01;15315,78
620;2019;11;31;12;1;1144,005;2019-11-01;1144,005
621;2019;11;64;27;1;625,95;2019-11-01;625,95
622;2019;11;64;16;3;363,695;2019-11-01;1091,085
623;2019;11;64;2;1;76,71;2019-11-01;76,71
624;2019;11;77;20;1;2124,18;2019-11-01;2124,18
625;2019;11;44;59;1;71,25;2019-11-01;71,25
626;2019;11;44;42;1;61,875;2019-11-01;61,875
627;2019;11;44;38;5;122,095;2019-11-01;610,475
628;2019;11;44;20;1;112,5;2019-11-01;112,5
629;2019;11;44;19;1;112,5;2019-11-01;112,5
630;2019;11;44;16;8;73,61;2019-11-01;588,88
631;2019;11;44;13;1;100,0;2019-11-01;100,0
632;2019;11;44;12;8;417,445;2019-11-01;3339,56
633;2019;11;44;9;3;121,25;2019-11-01;363,75
634;2019;11;55;20;1;87,5;2019-11-01;87,5
635;2019;11;55;11;1;67,25;2019-11-01;67,25
636;2019;11;56;17;1;2955,675;2019-11-01;2955,675
637;2019;11;62;22;2;206,085;2019-11-01;412,17
638;2019;11;75;22;3;638,665;2019-11-01;1915,995
639;2019;11;54;42;1;1031,16;2019-11-01;1031,16
640;2019;11;23;20;1;172,91;2019-11-01;172,91
641;2019;11;23;16;1;-31,875;2019-11-01;-31,875
642;2019;11;24;22;1;86,0;2019-11-01;86,0
643;2019;11;6;12;1;70,0;2019-11-01;70,0
644;2019;11;21;17;1;74,675;2019-11-01;74,675
645;2019;11;21;16;1;50,0;2019-11-01;50,0
646;2019;12;21;16;1;87,33;2019-12-01;87,33
647;2019;12;6;12;1;70,0;2019-12-01;70,0
648;2019;12;13;16;2;184,935;2019-12-01;369,87
649;2019;12;23;20;1;1896,435;2019-12-01;1896,435
650;2019;12;75;22;1;87,5;2019-12-01;87,5
651;2019;12;55;16;1;125950,595;2019-12-01;125950,595
652;2019;12;44;38;17;532,885;2019-12-01;9059,045
653;2019;12;44;35;4;101,44;2019-12-01;405,76
654;2019;12;44;20;1;142,005;2019-12-01;142,005
655;2019;12;44;16;5;292,395;2019-12-01;1461,975
656;2019;12;44;12;3;1089,98;2019-12-01;3269,94
657;2019;12;44;9;2;114,84;2019-12-01;229,68
658;2019;12;77;20;1;8850,0;2019-12-01;8850,0
659;2019;12;74;12;1;867,295;2019-12-01;867,295
660;2019;12;79;2;1;125,165;2019-12-01;125,165
661;2019;12;64;57;1;141,455;2019-12-01;141,455
662;2019;12;64;16;2;1059,03;2019-12-01;2118,06
663;2019;12;31;38;1;98,28;2019-12-01;98,28
664;2019;12;31;35;2;7465,92;2019-12-01;14931,84
665;2019;12;31;19;1;1501,965;2019-12-01;1501,965
666;2019;12;31;16;3;12442,61;2019-12-01;37327,83
667;2019;12;31;12;1;665,87;2019-12-01;665,87
668;2019;12;31;9;1;646,69;2019-12-01;646,69
669;2019;12;66;57;5;421,455;2019-12-01;2107,275
670;2019;12;66;56;7;465,6;2019-12-01;3259,2000000000003
671;2019;12;66;47;1;71,42;2019-12-01;71,42
672;2019;12;66;43;4;175,11;2019-12-01;700,44
673;2019;12;66;42;1;190,77;2019-12-01;190,77
674;2019;12;66;39;2;53,45;2019-12-01;106,9
675;2019;12;66;38;5;887,515;2019-12-01;4437,575
676;2019;12;66;35;1;70,535;2019-12-01;70,535
677;2019;12;66;20;4;1167,27;2019-12-01;4669,08
678;2019;12;66;19;3;225,64;2019-12-01;676,92
679;2019;12;66;17;5;1250,425;2019-12-01;6252,125
680;2019;12;66;16;17;1782,145;2019-12-01;30296,465
681;2019;12;66;9;3;374,73;2019-12-01;1124,19
682;2019;12;66;1;1;334,41;2019-12-01;334,41
683;2019;12;72;59;1;610,765;2019-12-01;610,765
684;2019;12;72;57;5;926,755;2019-12-01;4633,775
685;2019;12;72;56;2;407,055;2019-12-01;814,11
686;2019;12;72;52;2;768,91;2019-12-01;1537,82
687;2019;12;72;47;2;455,83;2019-12-01;911,66
688;2019;12;72;43;3;357,005;2019-12-01;1071,0149999999999
689;2019;12;72;39;1;1350,015;2019-12-01;1350,015
690;2019;12;72;38;6;1433,985;2019-12-01;8603,91
691;2019;12;72;20;2;1037,29;2019-12-01;2074,58
692;2019;12;72;19;5;1508,355;2019-12-01;7541,775
693;2019;12;72;17;1;418,485;2019-12-01;418,485
694;2019;12;72;16;16;2665,065;2019-12-01;42641,04
695;2019;12;72;14;1;216,67;2019-12-01;216,67
696;2019;12;72;12;8;303,955;2019-12-01;2431,64
697;2019;12;72;9;11;2610,515;2019-12-01;28715,664999999997
698;2019;12;72;2;2;72,5;2019-12-01;145,0
699;2020;1;72;59;1;486,79;2020-01-01;486,79
700;2020;1;72;57;2;463,16;2020-01-01;926,32
701;2020;1;72;56;2;661,87;2020-01-01;1323,74
702;2020;1;72;55;1;397,87;2020-01-01;397,87
703;2020;1;72;52;1;252,395;2020-01-01;252,395
704;2020;1;72;47;3;1383,38;2020-01-01;4150,14
705;2020;1;72;44;1;90,69;2020-01-01;90,69
706;2020;1;72;42;2;520,82;2020-01-01;1041,64
707;2020;1;72;41;2;673,37;2020-01-01;1346,74
708;2020;1;72;38;7;1849,73;2020-01-01;12948,11
709;2020;1;72;36;1;3824,2;2020-01-01;3824,2
710;2020;1;72;19;1;1077,58;2020-01-01;1077,58
711;2020;1;72;17;2;202,72;2020-01-01;405,44
712;2020;1;72;16;9;1149,555;2020-01-01;10345,995
713;2020;1;72;14;4;439,35;2020-01-01;1757,4
714;2020;1;72;13;1;945,645;2020-01-01;945,645
715;2020;1;72;12;17;7528,91;2020-01-01;127991,47
716;2020;1;72;9;12;1684,595;2020-01-01;20215,14
717;2020;1;72;2;2;241,445;2020-01-01;482,89
718;2020;1;72;1;1;328,115;2020-01-01;328,115
719;2020;1;66;59;1;71,385;2020-01-01;71,385
720;2020;1;66;56;2;98,545;2020-01-01;197,09
721;2020;1;66;52;1;113,765;2020-01-01;113,765
722;2020;1;66;46;1;483,5;2020-01-01;483,5
723;2020;1;66;42;1;71,42;2020-01-01;71,42
724;2020;1;66;39;1;53,865;2020-01-01;53,865
725;2020;1;66;38;8;797,855;2020-01-01;6382,84
726;2020;1;66;36;1;82,33;2020-01-01;82,33
727;2020;1;66;35;2;567,32;2020-01-01;1134,64
728;2020;1;66;20;5;1358,155;2020-01-01;6790,775
729;2020;1;66;19;9;390,88;2020-01-01;3517,92
730;2020;1;66;17;9;782,365;2020-01-01;7041,285
731;2020;1;66;16;13;1590,5;2020-01-01;20676,5
732;2020;1;66;9;7;897,12;2020-01-01;6279,84
733;2020;1;66;2;4;1873,98;2020-01-01;7495,92
734;2020;1;31;42;2;1029,52;2020-01-01;2059,04
735;2020;1;31;38;5;718,16;2020-01-01;3590,7999999999997
736;2020;1;31;37;1;2252,31;2020-01-01;2252,31
737;2020;1;31;35;2;4800,51;2020-01-01;9601,02
738;2020;1;31;20;1;610,335;2020-01-01;610,335
739;2020;1;31;16;6;4609,99;2020-01-01;27659,94
740;2020;1;31;9;3;7526,37;2020-01-01;22579,11
741;2020;1;79;2;1;125,165;2020-01-01;125,165
742;2020;1;44;52;1;73,75;2020-01-01;73,75
743;2020;1;44;42;2;73,75;2020-01-01;147,5
744;2020;1;44;38;6;781,275;2020-01-01;4687,65
745;2020;1;44;16;7;658,195;2020-01-01;4607,365000000001
746;2020;1;44;12;3;130,535;2020-01-01;391,605
747;2020;1;44;9;2;150,0;2020-01-01;300,0
748;2020;1;55;20;4;1998,025;2020-01-01;7992,1
749;2020;1;55;19;1;4204,635;2020-01-01;4204,635
750;2020;1;23;20;1;70,78;2020-01-01;70,78
751;2020;1;23;9;1;19380,075;2020-01-01;19380,075
752;2020;1;13;57;1;89,36;2020-01-01;89,36
753;2020;1;13;16;1;98,46;2020-01-01;98,46
754;2020;1;6;12;1;30,0;2020-01-01;30,0
755;2020;1;21;20;1;74,59;2020-01-01;74,59
756;2020;1;42;56;1;207,48;2020-01-01;207,48
757;2020;1;42;20;1;429,97;2020-01-01;429,97
758;2020;2;21;16;2;158,82;2020-02-01;317,64
759;2020;2;6;12;3;110,0;2020-02-01;330,0
760;2020;2;13;16;1;122,12;2020-02-01;122,12
761;2020;2;23;16;2;719,61;2020-02-01;1439,22
762;2020;2;55;38;1;7450,595;2020-02-01;7450,595
763;2020;2;55;35;1;79,625;2020-02-01;79,625
764;2020;2;55;20;2;9491,795;2020-02-01;18983,59
765;2020;2;55;12;1;196,805;2020-02-01;196,805
766;2020;2;44;59;1;71,25;2020-02-01;71,25
767;2020;2;44;56;1;138,8;2020-02-01;138,8
768;2020;2;44;42;2;72,5;2020-02-01;145,0
769;2020;2;44;38;3;250,11;2020-02-01;750,33
770;2020;2;44;35;1;61,875;2020-02-01;61,875
771;2020;2;44;20;1;112,5;2020-02-01;112,5
772;2020;2;44;16;2;113,985;2020-02-01;227,97
773;2020;2;44;12;4;163,335;2020-02-01;653,34
774;2020;2;44;9;1;73,75;2020-02-01;73,75
775;2020;2;79;2;1;125,165;2020-02-01;125,165
776;2020;2;77;20;3;26450,0;2020-02-01;79350,0
777;2020;2;31;57;3;4655,08;2020-02-01;13965,24
778;2020;2;31;39;2;181,535;2020-02-01;363,07
779;2020;2;31;38;1;-74,12;2020-02-01;-74,12
780;2020;2;31;37;1;1151,155;2020-02-01;1151,155
781;2020;2;31;35;4;7103,97;2020-02-01;28415,88
782;2020;2;31;20;2;626,855;2020-02-01;1253,71
783;2020;2;31;19;1;537,22;2020-02-01;537,22
784;2020;2;31;18;1;2177,31;2020-02-01;2177,31
785;2020;2;31;17;1;87,5;2020-02-01;87,5
786;2020;2;31;16;4;7281,915;2020-02-01;29127,66
787;2020;2;31;12;1;100,0;2020-02-01;100,0
788;2020;2;31;9;1;781,21;2020-02-01;781,21
789;2020;2;66;59;3;155,065;2020-02-01;465,195
790;2020;2;66;57;2;92,82;2020-02-01;185,64
791;2020;2;66;56;4;302,43;2020-02-01;1209,72
792;2020;2;66;43;3;445,32;2020-02-01;1335,96
793;2020;2;66;42;1;129,465;2020-02-01;129,465
794;2020;2;66;38;4;827,445;2020-02-01;3309,78
795;2020;2;66;36;1;64,28;2020-02-01;64,28
796;2020;2;66;35;1;71,42;2020-02-01;71,42
797;2020;2;66;20;6;529,24;2020-02-01;3175,44
798;2020;2;66;19;9;732,26;2020-02-01;6590,34
799;2020;2;66;17;3;397,325;2020-02-01;1191,975
800;2020;2;66;16;9;353,56;2020-02-01;3182,04
801;2020;2;66;14;4;717,86;2020-02-01;2871,44
802;2020;2;66;13;1;71,43;2020-02-01;71,43
803;2020;2;66;2;3;196,015;2020-02-01;588,045
804;2020;2;72;59;5;569,96;2020-02-01;2849,8
805;2020;2;72;57;6;296,08;2020-02-01;1776,48
806;2020;2;72;56;2;2100,205;2020-02-01;4200,41
807;2020;2;72;52;1;788,215;2020-02-01;788,215
808;2020;2;72;47;1;103,555;2020-02-01;103,555
809;2020;2;72;44;1;206,505;2020-02-01;206,505
810;2020;2;72;42;2;411,105;2020-02-01;822,21
811;2020;2;72;39;2;1962,01;2020-02-01;3924,02
812;2020;2;72;38;7;3861,155;2020-02-01;27028,085000000003
813;2020;2;72;36;3;652,655;2020-02-01;1957,965
814;2020;2;72;35;1;344,79;2020-02-01;344,79
815;2020;2;72;20;4;3664,315;2020-02-01;14657,26
816;2020;2;72;19;9;2769,755;2020-02-01;24927,795000000002
817;2020;2;72;17;3;226,505;2020-02-01;679,515
818;2020;2;72;16;9;3350,935;2020-02-01;30158,415
819;2020;2;72;15;2;1063,68;2020-02-01;2127,36
820;2020;2;72;14;2;710,105;2020-02-01;1420,21
821;2020;2;72;12;3;109,695;2020-02-01;329,085
822;2020;2;72;9;1;158,29;2020-02-01;158,29
823;2020;2;72;2;1;-5,125;2020-02-01;-5,125
824;2020;3;72;57;3;433,045;2020-03-01;1299,135
825;2020;3;72;47;1;78,84;2020-03-01;78,84
826;2020;3;72;43;2;2387,42;2020-03-01;4774,84
827;2020;3;72;38;5;549,445;2020-03-01;2747,2250000000004
828;2020;3;72;36;1;204,22;2020-03-01;204,22
829;2020;3;72;35;4;-2418,985;2020-03-01;-9675,94
830;2020;3;72;20;5;1832,775;2020-03-01;9163,875
831;2020;3;72;19;2;3441,7;2020-03-01;6883,4
832;2020;3;72;16;5;209,565;2020-03-01;1047,825
833;2020;3;72;14;2;310,745;2020-03-01;621,49
834;2020;3;72;13;3;124,59;2020-03-01;373,77
835;2020;3;72;12;5;307,1;2020-03-01;1535,5
836;2020;3;72;9;9;797,24;2020-03-01;7175,16
837;2020;3;72;2;2;1101,49;2020-03-01;2202,98
838;2020;3;72;1;2;-941,865;2020-03-01;-1883,73
839;2020;3;66;59;2;92,885;2020-03-01;185,77
840;2020;3;66;58;1;100,97;2020-03-01;100,97
841;2020;3;66;57;5;237,465;2020-03-01;1187,325
842;2020;3;66;39;2;92,245;2020-03-01;184,49
843;2020;3;66;38;1;65,48;2020-03-01;65,48
844;2020;3;66;27;1;55,755;2020-03-01;55,755
845;2020;3;66;20;3;219,745;2020-03-01;659,235
846;2020;3;66;19;6;224,025;2020-03-01;1344,15
847;2020;3;66;17;3;1128,865;2020-03-01;3386,5950000000003
848;2020;3;66;16;7;397,71;2020-03-01;2783,97
849;2020;3;66;14;3;181,045;2020-03-01;543,135
850;2020;3;66;13;1;71,42;2020-03-01;71,42
851;2020;3;66;9;2;103,53;2020-03-01;207,06
852;2020;3;66;6;1;2006,845;2020-03-01;2006,845
853;2020;3;31;57;4;3169,1;2020-03-01;12676,4
854;2020;3;31;52;1;87,5;2020-03-01;87,5
855;2020;3;31;42;2;1978,44;2020-03-01;3956,88
856;2020;3;31;38;1;217,165;2020-03-01;217,165
857;2020;3;31;35;3;20509,535;2020-03-01;61528,604999999996
858;2020;3;31;20;1;366,875;2020-03-01;366,875
859;2020;3;31;19;1;106,745;2020-03-01;106,745
860;2020;3;31;16;34;6324,06;2020-03-01;215018,04
861;2020;3;31;14;1;2199,57;2020-03-01;2199,57
862;2020;3;31;12;1;488,235;2020-03-01;488,235
863;2020;3;31;9;1;739,005;2020-03-01;739,005
864;2020;3;83;20;1;82,575;2020-03-01;82,575
865;2020;3;44;59;3;116,25;2020-03-01;348,75
866;2020;3;44;56;1;89,52;2020-03-01;89,52
867;2020;3;44;42;1;73,75;2020-03-01;73,75
868;2020;3;44;38;6;122,875;2020-03-01;737,25
869;2020;3;44;20;1;68,75;2020-03-01;68,75
870;2020;3;44;19;1;73,75;2020-03-01;73,75
871;2020;3;44;17;1;67,5;2020-03-01;67,5
872;2020;3;44;16;5;-372,61;2020-03-01;-1863,0500000000002
873;2020;3;44;13;1;112,5;2020-03-01;112,5
874;2020;3;44;12;3;121,25;2020-03-01;363,75
875;2020;3;44;9;1;73,75;2020-03-01;73,75
876;2020;3;55;20;3;4819,685;2020-03-01;14459,055
877;2020;3;55;16;1;2162,705;2020-03-01;2162,705
878;2020;3;23;43;1;729,035;2020-03-01;729,035
879;2020;3;54;9;1;100,0;2020-03-01;100,0
880;2020;3;6;16;1;73,75;2020-03-01;73,75
881;2020;3;6;12;10;147,38;2020-03-01;1473,8
882;2020;3;21;20;1;30301,38;2020-03-01;30301,38
883;2020;3;21;16;1;99,11;2020-03-01;99,11
884;2020;3;21;9;1;238,485;2020-03-01;238,485
885;2020;3;21;2;1;21,375;2020-03-01;21,375
886;2020;3;35;55;1;4322,43;2020-03-01;4322,43
887;2020;4;21;20;1;-163,915;2020-04-01;-163,915
888;2020;4;21;12;2;74,63;2020-04-01;149,26
889;2020;4;6;16;2;97,5;2020-04-01;195,0
890;2020;4;6;12;1;73,75;2020-04-01;73,75
891;2020;4;13;57;1;109,155;2020-04-01;109,155
892;2020;4;23;55;1;712,535;2020-04-01;712,535
893;2020;4;55;38;1;14851,19;2020-04-01;14851,19
894;2020;4;55;35;1;696,51;2020-04-01;696,51
895;2020;4;55;20;8;6631,355;2020-04-01;53050,84
896;2020;4;55;19;1;1168,215;2020-04-01;1168,215
897;2020;4;44;52;1;73,75;2020-04-01;73,75
898;2020;4;44;42;1;73,75;2020-04-01;73,75
899;2020;4;44;38;3;85,625;2020-04-01;256,875
900;2020;4;44;19;1;73,75;2020-04-01;73,75
901;2020;4;44;17;2;85,0;2020-04-01;170,0
902;2020;4;44;16;3;136,175;2020-04-01;408,52500000000003
903;2020;4;44;13;1;73,75;2020-04-01;73,75
904;2020;4;44;12;2;514,92;2020-04-01;1029,84
905;2020;4;44;9;2;150,0;2020-04-01;300,0
906;2020;4;83;2;1;45,57;2020-04-01;45,57
907;2020;4;79;2;1;125,17;2020-04-01;125,17
908;2020;4;81;2;1;689,545;2020-04-01;689,545
909;2020;4;31;57;1;140,845;2020-04-01;140,845
910;2020;4;31;38;2;93,75;2020-04-01;187,5
911;2020;4;31;35;3;20463,36;2020-04-01;61390,08
912;2020;4;31;19;1;241,195;2020-04-01;241,195
913;2020;4;31;17;1;385,23;2020-04-01;385,23
914;2020;4;31;16;4;1640,305;2020-04-01;6561,22
915;2020;4;31;13;1;289,915;2020-04-01;289,915
916;2020;4;31;12;2;210,115;2020-04-01;420,23
917;2020;4;66;56;1;71,42;2020-04-01;71,42
918;2020;4;66;47;1;258,59;2020-04-01;258,59
919;2020;4;66;46;2;243,96;2020-04-01;487,92
920;2020;4;66;43;1;60,71;2020-04-01;60,71
921;2020;4;66;42;1;71,42;2020-04-01;71,42
922;2020;4;66;39;1;76,61;2020-04-01;76,61
923;2020;4;66;20;5;1248,89;2020-04-01;6244,450000000001
924;2020;4;66;19;6;579,94;2020-04-01;3479,6400000000003
925;2020;4;66;17;1;125,745;2020-04-01;125,745
926;2020;4;66;16;8;417,815;2020-04-01;3342,52
927;2020;4;66;15;1;177,48;2020-04-01;177,48
928;2020;4;66;14;5;219,39;2020-04-01;1096,9499999999998
929;2020;4;66;13;3;138,72;2020-04-01;416,15999999999997
930;2020;4;66;9;4;231,85;2020-04-01;927,4
931;2020;4;72;59;1;142,705;2020-04-01;142,705
932;2020;4;72;58;1;119,985;2020-04-01;119,985
933;2020;4;72;57;3;461,825;2020-04-01;1385,475
934;2020;4;72;47;2;2371,25;2020-04-01;4742,5
935;2020;4;72;43;1;68,22;2020-04-01;68,22
936;2020;4;72;42;2;889,345;2020-04-01;1778,69
937;2020;4;72;38;5;814,24;2020-04-01;4071,2
938;2020;4;72;35;4;-271,625;2020-04-01;-1086,5
939;2020;4;72;20;5;1856,955;2020-04-01;9284,775
940;2020;4;72;19;5;1543,855;2020-04-01;7719,275
941;2020;4;72;17;1;187,505;2020-04-01;187,505
942;2020;4;72;16;11;4124,58;2020-04-01;45370,38
943;2020;4;72;15;1;96,64;2020-04-01;96,64
944;2020;4;72;14;2;435,51;2020-04-01;871,02
945;2020;4;72;13;4;1440,47;2020-04-01;5761,88
946;2020;4;72;12;10;305,305;2020-04-01;3053,05
947;2020;4;72;9;4;515,745;2020-04-01;2062,98
948;2020;4;72;2;10;4728,585;2020-04-01;47285,85
949;2020;5;72;59;1;139,715;2020-05-01;139,715
950;2020;5;72;57;5;708,32;2020-05-01;3541,6000000000004
951;2020;5;72;44;1;446,395;2020-05-01;446,395
952;2020;5;72;43;1;321,065;2020-05-01;321,065
953;2020;5;72;38;7;338,475;2020-05-01;2369,3250000000003
954;2020;5;72;35;5;702,98;2020-05-01;3514,9
955;2020;5;72;20;7;2111,24;2020-05-01;14778,679999999998
956;2020;5;72;19;1;337,065;2020-05-01;337,065
957;2020;5;72;17;1;107,375;2020-05-01;107,375
958;2020;5;72;16;16;1665,84;2020-05-01;26653,44
959;2020;5;72;15;1;139,465;2020-05-01;139,465
960;2020;5;72;14;2;462,42;2020-05-01;924,84
961;2020;5;72;13;7;4788,67;2020-05-01;33520,69
962;2020;5;72;12;4;456,69;2020-05-01;1826,76
963;2020;5;72;9;9;2017,555;2020-05-01;18157,995
964;2020;5;72;2;18;2786,715;2020-05-01;50160,87
965;2020;5;66;57;1;206,025;2020-05-01;206,025
966;2020;5;66;56;1;71,42;2020-05-01;71,42
967;2020;5;66;52;1;71,41;2020-05-01;71,41
968;2020;5;66;43;1;120,535;2020-05-01;120,535
969;2020;5;66;42;2;95,035;2020-05-01;190,07
970;2020;5;66;39;2;312,095;2020-05-01;624,19
971;2020;5;66;38;7;769,125;2020-05-01;5383,875
972;2020;5;66;36;1;127,195;2020-05-01;127,195
973;2020;5;66;35;2;698,24;2020-05-01;1396,48
974;2020;5;66;20;6;653,76;2020-05-01;3922,56
975;2020;5;66;19;7;248,57;2020-05-01;1739,99
976;2020;5;66;16;19;2404,87;2020-05-01;45692,53
977;2020;5;66;13;2;321,945;2020-05-01;643,89
978;2020;5;66;9;4;439,875;2020-05-01;1759,5
979;2020;5;66;2;1;68,72;2020-05-01;68,72
980;2020;5;31;57;4;984,26;2020-05-01;3937,04
981;2020;5;31;52;1;130,75;2020-05-01;130,75
982;2020;5;31;39;2;112,5;2020-05-01;225,0
983;2020;5;31;35;4;20634,885;2020-05-01;82539,54
984;2020;5;31;20;4;3968,73;2020-05-01;15874,92
985;2020;5;31;16;11;3065,465;2020-05-01;33720,115000000005
986;2020;5;31;13;1;72,5;2020-05-01;72,5
987;2020;5;31;12;4;571,315;2020-05-01;2285,26
988;2020;5;31;9;1;61,875;2020-05-01;61,875
989;2020;5;31;2;1;1411,47;2020-05-01;1411,47
990;2020;5;74;42;1;764,345;2020-05-01;764,345
991;2020;5;64;25;1;1112,18;2020-05-01;1112,18
992;2020;5;64;22;6;974,565;2020-05-01;5847,39
993;2020;5;64;18;1;310,73;2020-05-01;310,73
994;2020;5;64;16;3;400,67;2020-05-01;1202,01
995;2020;5;44;42;1;62,31;2020-05-01;62,31
996;2020;5;44;38;2;89,37;2020-05-01;178,74
997;2020;5;44;27;1;4109,765;2020-05-01;4109,765
998;2020;5;44;19;1;73,75;2020-05-01;73,75
999;2020;5;44;16;9;294,585;2020-05-01;2651,265
1000;2020;5;44;13;2;131,895;2020-05-01;263,79
1001;2020;5;44;12;4;139,55;2020-05-01;558,2
1002;2020;5;44;9;2;150,0;2020-05-01;300,0
1003;2020;5;55;38;1;7450,595;2020-05-01;7450,595
1004;2020;5;55;20;2;135,705;2020-05-01;271,41
1005;2020;5;55;16;2;26215,82;2020-05-01;52431,64
1006;2020;5;55;12;1;-1560,195;2020-05-01;-1560,195
1007;2020;5;6;25;1;157,96;2020-05-01;157,96
1008;2020;5;6;19;1;77,58;2020-05-01;77,58
1009;2020;5;6;16;3;388,925;2020-05-01;1166,775
1010;2020;5;6;12;8;613,245;2020-05-01;4905,96
1011;2020;5;21;20;2;1033,6;2020-05-01;2067,2
1012;2020;5;21;2;1;61,015;2020-05-01;61,015
1013;2020;5;35;27;3;207,79;2020-05-01;623,37
1014;2020;5;41;11;2;1328,11;2020-05-01;2656,22
1015;2020;5;41;2;1;-531,71;2020-05-01;-531,71
1016;2020;6;41;11;1;422,175;2020-06-01;422,175
1017;2020;6;21;20;1;50,0;2020-06-01;50,0
1018;2020;6;21;17;1;10113,73;2020-06-01;10113,73
1019;2020;6;6;16;5;235,435;2020-06-01;1177,175
1020;2020;6;6;12;15;735,82;2020-06-01;11037,300000000001
1021;2020;6;4;16;1;1437,505;2020-06-01;1437,505
1022;2020;6;55;37;2;85,7;2020-06-01;171,4
1023;2020;6;55;20;9;6961,98;2020-06-01;62657,81999999999
1024;2020;6;44;46;1;71,19;2020-06-01;71,19
1025;2020;6;44;42;3;85,625;2020-06-01;256,875
1026;2020;6;44;39;1;90,74;2020-06-01;90,74
1027;2020;6;44;38;2;73,885;2020-06-01;147,77
1028;2020;6;44;20;1;-11,965;2020-06-01;-11,965
1029;2020;6;44;19;1;73,75;2020-06-01;73,75
1030;2020;6;44;17;2;188,085;2020-06-01;376,17
1031;2020;6;44;16;7;190,0;2020-06-01;1330,0
1032;2020;6;44;13;1;73,75;2020-06-01;73,75
1033;2020;6;44;12;3;239,305;2020-06-01;717,915
1034;2020;6;64;38;1;57,5;2020-06-01;57,5
1035;2020;6;64;26;1;179,135;2020-06-01;179,135
1036;2020;6;64;18;1;235,54;2020-06-01;235,54
1037;2020;6;64;16;2;790,73;2020-06-01;1581,46
1038;2020;6;74;42;1;764,35;2020-06-01;764,35
1039;2020;6;79;17;1;-30,7;2020-06-01;-30,7
1040;2020;6;31;57;2;4791,88;2020-06-01;9583,76
1041;2020;6;31;52;1;87,5;2020-06-01;87,5
1042;2020;6;31;38;1;68,75;2020-06-01;68,75
1043;2020;6;31;35;3;20575,69;2020-06-01;61727,06999999999
1044;2020;6;31;20;4;7332,725;2020-06-01;29330,9
1045;2020;6;31;16;6;3969,44;2020-06-01;23816,64
1046;2020;6;31;12;4;929,375;2020-06-01;3717,5
1047;2020;6;31;2;1;1500,755;2020-06-01;1500,755
1048;2020;6;66;57;2;201,265;2020-06-01;402,53
1049;2020;6;66;46;1;563,53;2020-06-01;563,53
1050;2020;6;66;43;1;98,99;2020-06-01;98,99
1051;2020;6;66;38;3;1581,05;2020-06-01;4743,15
1052;2020;6;66;36;1;64,28;2020-06-01;64,28
1053;2020;6;66;35;3;247,685;2020-06-01;743,0550000000001
1054;2020;6;66;20;3;641,455;2020-06-01;1924,3650000000002
1055;2020;6;66;19;3;130,55;2020-06-01;391,65000000000003
1056;2020;6;66;18;2;89,73;2020-06-01;179,46
1057;2020;6;66;17;8;2101,22;2020-06-01;16809,76
1058;2020;6;66;16;24;3557,73;2020-06-01;85385,52
1059;2020;6;66;14;2;278,825;2020-06-01;557,65
1060;2020;6;66;13;4;252,54;2020-06-01;1010,16
1061;2020;6;66;9;6;548,88;2020-06-01;3293,2799999999997
1062;2020;6;66;2;2;492,69;2020-06-01;985,38
1063;2020;6;72;59;1;142,705;2020-06-01;142,705
1064;2020;6;72;57;11;4039,395;2020-06-01;44433,345
1065;2020;6;72;52;1;69,125;2020-06-01;69,125
1066;2020;6;72;47;1;106,34;2020-06-01;106,34
1067;2020;6;72;44;1;1850,035;2020-06-01;1850,035
1068;2020;6;72;39;2;2435,98;2020-06-01;4871,96
1069;2020;6;72;38;12;819,49;2020-06-01;9833,880000000001
1070;2020;6;72;35;6;-559,24;2020-06-01;-3355,44
1071;2020;6;72;20;6;4474,25;2020-06-01;26845,5
1072;2020;6;72;17;2;522,83;2020-06-01;1045,66
1073;2020;6;72;16;11;4602,695;2020-06-01;50629,645
1074;2020;6;72;15;1;88,565;2020-06-01;88,565
1075;2020;6;72;14;1;98,935;2020-06-01;98,935
1076;2020;6;72;13;3;3244,695;2020-06-01;9734,085000000001
1077;2020;6;72;12;3;267,235;2020-06-01;801,705
1078;2020;6;72;9;12;2157,955;2020-06-01;25895,46
1079;2020;6;72;2;9;3359,695;2020-06-01;30237,255
