;ano;mes;seguradora;vendedor;tot_apolices;venda;date;total_venda
0;2019;1;66;1;1;174,055;2019-01-01;174,055
1;2019;1;31;58;1;92,31;2019-01-01;92,31
2;2019;1;72;35;6;900,08;2019-01-01;5400,4800000000005
3;2019;1;55;20;1;7550,0;2019-01-01;7550,0
4;2019;1;72;58;2;84,175;2019-01-01;168,35
5;2019;1;72;38;9;1570,915;2019-01-01;14138,235
6;2019;1;72;56;8;744,255;2019-01-01;5954,04
7;2019;1;43;17;1;257,525;2019-01-01;257,525
8;2019;1;64;26;8;1574,47;2019-01-01;12595,76
9;2019;1;72;9;2;82,075;2019-01-01;164,15
10;2019;1;31;35;2;1217,555;2019-01-01;2435,11
11;2019;1;66;19;6;99,945;2019-01-01;599,67
12;2019;1;81;20;1;2002,635;2019-01-01;2002,635
13;2019;1;66;57;5;1027,795;2019-01-01;5138,975
14;2019;1;44;16;5;363,69;2019-01-01;1818,45
15;2019;1;44;17;2;88,0;2019-01-01;176,0
16;2019;1;38;56;2;507,75;2019-01-01;1015,5
17;2019;1;66;20;6;1029,605;2019-01-01;6177,63
18;2019;1;23;20;1;230,75;2019-01-01;230,75
19;2019;1;66;2;1;87,175;2019-01-01;87,175
20;2019;1;72;57;12;1803,145;2019-01-01;21637,739999999998
21;2019;1;44;14;3;117,875;2019-01-01;353,625
22;2019;1;72;16;4;174,54;2019-01-01;698,16
23;2019;1;72;12;18;9455,28;2019-01-01;170195,04
24;2019;1;72;53;1;72,95;2019-01-01;72,95
25;2019;1;44;58;1;605,115;2019-01-01;605,115
26;2019;1;72;42;1;638,925;2019-01-01;638,925
27;2019;1;66;13;1;297,94;2019-01-01;297,94
28;2019;1;44;42;3;108,11;2019-01-01;324,33
29;2019;1;44;56;2;580,955;2019-01-01;1161,91
30;2019;1;21;16;1;395,995;2019-01-01;395,995
31;2019;1;66;14;8;1962,38;2019-01-01;15699,04
32;2019;1;66;38;6;283,225;2019-01-01;1699,3500000000001
33;2019;1;44;9;1;83,11;2019-01-01;83,11
34;2019;1;31;57;1;810,835;2019-01-01;810,835
35;2019;1;72;47;10;924,565;2019-01-01;9245,650000000001
36;2019;1;31;19;1;537,22;2019-01-01;537,22
37;2019;1;72;2;3;485,39;2019-01-01;1456,17
38;2019;1;72;46;1;93,42;2019-01-01;93,42
39;2019;1;43;56;1;167,025;2019-01-01;167,025
40;2019;1;72;17;2;193,665;2019-01-01;387,33
41;2019;1;31;47;2;615,745;2019-01-01;1231,49
42;2019;1;78;25;1;50,0;2019-01-01;50,0
43;2019;1;31;2;1;2389,95;2019-01-01;2389,95
44;2019;1;66;17;2;142,445;2019-01-01;284,89
45;2019;1;19;54;1;635,87;2019-01-01;635,87
46;2019;1;66;46;4;182,145;2019-01-01;728,58
47;2019;1;72;39;1;99,005;2019-01-01;99,005
48;2019;1;66;47;1;71,42;2019-01-01;71,42
49;2019;1;66;55;1;51,785;2019-01-01;51,785
50;2019;1;72;14;4;3501,23;2019-01-01;14004,92
51;2019;1;58;9;2;175,175;2019-01-01;350,35
52;2019;1;72;54;1;-1950,725;2019-01-01;-1950,725
53;2019;1;66;56;7;762,925;2019-01-01;5340,474999999999
54;2019;1;21;12;1;3225,78;2019-01-01;3225,78
55;2019;1;72;20;4;1392,995;2019-01-01;5571,98
56;2019;1;81;2;1;987,505;2019-01-01;987,505
57;2019;1;44;12;5;366,345;2019-01-01;1831,7250000000001
58;2019;1;44;38;9;1326,795;2019-01-01;11941,155
59;2019;1;66;16;8;415,39;2019-01-01;3323,12
60;2019;2;72;9;6;724,34;2019-02-01;4346,04
61;2019;2;72;43;7;1079,155;2019-02-01;7554,085
62;2019;2;31;12;2;10096,05;2019-02-01;20192,1
63;2019;2;72;57;1;2279,3;2019-02-01;2279,3
64;2019;2;64;57;1;75,0;2019-02-01;75,0
65;2019;2;66;14;6;1168,69;2019-02-01;7012,14
66;2019;2;44;35;2;69,0;2019-02-01;138,0
67;2019;2;72;18;1;220,06;2019-02-01;220,06
68;2019;2;72;38;5;2275,28;2019-02-01;11376,400000000001
69;2019;2;44;56;2;561,495;2019-02-01;1122,99
70;2019;2;66;2;1;262,795;2019-02-01;262,795
71;2019;2;42;59;1;101,8;2019-02-01;101,8
72;2019;2;31;9;1;231,17;2019-02-01;231,17
73;2019;2;72;56;5;570,025;2019-02-01;2850,125
74;2019;2;21;20;3;941,225;2019-02-01;2823,675
75;2019;2;72;1;3;549,85;2019-02-01;1649,5500000000002
76;2019;2;66;46;1;102,91;2019-02-01;102,91
77;2019;2;66;55;7;694,035;2019-02-01;4858,245
78;2019;2;55;20;2;411,955;2019-02-01;823,91
79;2019;2;72;12;8;7730,815;2019-02-01;61846,52
80;2019;2;66;20;5;645,52;2019-02-01;3227,6
81;2019;2;44;16;3;141,955;2019-02-01;425,865
82;2019;2;72;59;2;97,005;2019-02-01;194,01
83;2019;2;72;42;1;4404,765;2019-02-01;4404,765
84;2019;2;72;39;1;883,2;2019-02-01;883,2
85;2019;2;83;56;1;81,07;2019-02-01;81,07
86;2019;2;13;57;1;166,88;2019-02-01;166,88
87;2019;2;66;18;1;92,985;2019-02-01;92,985
88;2019;2;72;52;1;209,055;2019-02-01;209,055
89;2019;2;66;38;12;1820,165;2019-02-01;21841,98
90;2019;2;72;47;14;1957,345;2019-02-01;27402,83
91;2019;2;31;54;1;101,87;2019-02-01;101,87
92;2019;2;44;38;3;104,005;2019-02-01;312,015
93;2019;2;66;19;2;185,1;2019-02-01;370,2
94;2019;2;66;16;5;304,16;2019-02-01;1520,8000000000002
95;2019;2;81;2;1;262,795;2019-02-01;262,795
96;2019;2;66;57;4;561,3;2019-02-01;2245,2
97;2019;2;72;54;4;6419,6;2019-02-01;25678,4
98;2019;2;72;41;3;394,86;2019-02-01;1184,58
99;2019;2;58;9;2;175,175;2019-02-01;350,35
100;2019;2;44;42;1;56,335;2019-02-01;56,335
101;2019;2;72;14;6;1283,315;2019-02-01;7699,89
102;2019;2;72;16;13;10872,925;2019-02-01;141348,025
103;2019;2;66;52;1;86,055;2019-02-01;86,055
104;2019;2;72;20;1;389,99;2019-02-01;389,99
105;2019;2;23;16;1;121,87;2019-02-01;121,87
106;2019;2;64;16;1;104,23;2019-02-01;104,23
107;2019;2;66;39;2;66,775;2019-02-01;133,55
108;2019;2;66;41;2;508,51;2019-02-01;1017,02
109;2019;2;72;17;1;115,845;2019-02-01;115,845
110;2019;2;78;25;1;50,0;2019-02-01;50,0
111;2019;2;66;35;3;289,815;2019-02-01;869,4449999999999
112;2019;2;44;9;3;119,015;2019-02-01;357,045
113;2019;2;72;55;2;953,93;2019-02-01;1907,86
114;2019;2;66;56;4;259,155;2019-02-01;1036,62
115;2019;2;72;46;1;127,75;2019-02-01;127,75
116;2019;2;75;37;1;50,0;2019-02-01;50,0
117;2019;2;31;20;2;3012,71;2019-02-01;6025,42
118;2019;2;44;12;7;589,76;2019-02-01;4128,32
119;2019;3;66;46;3;373,77;2019-03-01;1121,31
120;2019;3;72;57;4;360,595;2019-03-01;1442,38
121;2019;3;58;9;2;109,62;2019-03-01;219,24
122;2019;3;64;57;1;90,4;2019-03-01;90,4
123;2019;3;72;19;6;2051,135;2019-03-01;12306,810000000001
124;2019;3;31;57;1;65,315;2019-03-01;65,315
125;2019;3;66;55;7;310,14;2019-03-01;2170,98
126;2019;3;44;38;8;698,645;2019-03-01;5589,16
127;2019;3;74;20;2;1627,375;2019-03-01;3254,75
128;2019;3;23;20;1;1121,06;2019-03-01;1121,06
129;2019;3;83;42;1;188,435;2019-03-01;188,435
130;2019;3;66;17;3;249,785;2019-03-01;749,355
131;2019;3;31;42;1;103,395;2019-03-01;103,395
132;2019;3;19;54;3;1875,63;2019-03-01;5626,89
133;2019;3;66;14;9;582,065;2019-03-01;5238,585000000001
134;2019;3;72;54;5;1560,235;2019-03-01;7801,174999999999
135;2019;3;72;43;1;93,09;2019-03-01;93,09
136;2019;3;44;12;8;236,045;2019-03-01;1888,36
137;2019;3;66;16;4;253,87;2019-03-01;1015,48
138;2019;3;72;12;5;818,91;2019-03-01;4094,5499999999997
139;2019;3;66;44;1;87,475;2019-03-01;87,475
140;2019;3;66;58;1;58,61;2019-03-01;58,61
141;2019;3;72;9;2;1347,25;2019-03-01;2694,5
142;2019;3;66;54;3;1087,54;2019-03-01;3262,62
143;2019;3;72;20;5;4692,605;2019-03-01;23463,024999999998
144;2019;3;44;42;6;183,37;2019-03-01;1100,22
145;2019;3;44;9;2;88,0;2019-03-01;176,0
146;2019;3;44;16;5;151,145;2019-03-01;755,725
147;2019;3;44;35;1;59,5;2019-03-01;59,5
148;2019;3;72;39;2;472,265;2019-03-01;944,53
149;2019;3;55;19;1;59,595;2019-03-01;59,595
150;2019;3;72;16;6;834,995;2019-03-01;5009,97
151;2019;3;23;16;3;210,515;2019-03-01;631,545
152;2019;3;72;14;8;4237,73;2019-03-01;33901,84
153;2019;3;81;2;1;1115,91;2019-03-01;1115,91
154;2019;3;66;56;10;581,085;2019-03-01;5810,85
155;2019;3;72;38;7;3713,855;2019-03-01;25996,985
156;2019;3;72;56;9;463,24;2019-03-01;4169,16
157;2019;3;72;47;7;769,665;2019-03-01;5387,655
158;2019;3;55;20;2;1167,875;2019-03-01;2335,75
159;2019;3;78;25;1;50,0;2019-03-01;50,0
160;2019;3;72;42;2;55,825;2019-03-01;111,65
161;2019;3;31;56;1;-835,12;2019-03-01;-835,12
162;2019;3;66;38;3;639,505;2019-03-01;1918,5149999999999
163;2019;3;31;47;2;662,09;2019-03-01;1324,18
164;2019;3;21;20;4;1088,19;2019-03-01;4352,76
165;2019;3;72;59;2;98,555;2019-03-01;197,11
166;2019;3;81;54;1;106,59;2019-03-01;106,59
167;2019;3;72;55;1;732,095;2019-03-01;732,095
168;2019;3;66;57;2;115,255;2019-03-01;230,51
169;2019;3;66;19;2;134,43;2019-03-01;268,86
170;2019;3;72;46;2;1228,795;2019-03-01;2457,59
171;2019;3;66;43;1;65,91;2019-03-01;65,91
172;2019;4;72;20;2;232,62;2019-04-01;465,24
173;2019;4;44;38;17;1582,83;2019-04-01;26908,11
174;2019;4;66;17;1;50,0;2019-04-01;50,0
175;2019;4;66;16;8;255,365;2019-04-01;2042,92
176;2019;4;72;14;6;3694,85;2019-04-01;22169,1
177;2019;4;44;12;6;637,255;2019-04-01;3823,5299999999997
178;2019;4;31;20;1;163,375;2019-04-01;163,375
179;2019;4;66;42;1;275,925;2019-04-01;275,925
180;2019;4;44;9;2;99,185;2019-04-01;198,37
181;2019;4;44;16;4;244,6;2019-04-01;978,4
182;2019;4;44;19;1;67,5;2019-04-01;67,5
183;2019;4;21;25;2;50,0;2019-04-01;100,0
184;2019;4;66;56;9;390,27;2019-04-01;3512,43
185;2019;4;66;52;1;113,82;2019-04-01;113,82
186;2019;4;42;20;1;234,005;2019-04-01;234,005
187;2019;4;66;47;1;76,92;2019-04-01;76,92
188;2019;4;31;57;4;202,555;2019-04-01;810,22
189;2019;4;72;19;9;3056,845;2019-04-01;27511,605
190;2019;4;66;38;8;1885,915;2019-04-01;15087,32
191;2019;4;66;58;1;367,945;2019-04-01;367,945
192;2019;4;72;47;3;264,01;2019-04-01;792,03
193;2019;4;44;56;1;173,46;2019-04-01;173,46
194;2019;4;64;57;4;130,645;2019-04-01;522,58
195;2019;4;78;25;1;50,0;2019-04-01;50,0
196;2019;4;13;16;1;322,52;2019-04-01;322,52
197;2019;4;72;57;2;107,38;2019-04-01;214,76
198;2019;4;31;54;2;-959,3;2019-04-01;-1918,6
199;2019;4;72;43;6;1281,31;2019-04-01;7687,86
200;2019;4;43;56;1;68,64;2019-04-01;68,64
201;2019;4;44;42;4;193,765;2019-04-01;775,06
202;2019;4;23;37;2;413,51;2019-04-01;827,02
203;2019;4;72;54;3;-58,11;2019-04-01;-174,32999999999998
204;2019;4;55;20;2;413,62;2019-04-01;827,24
205;2019;4;31;16;1;1936,28;2019-04-01;1936,28
206;2019;4;44;54;7;1094,765;2019-04-01;7663,3550000000005
207;2019;4;31;56;4;2133,5;2019-04-01;8534,0
208;2019;4;66;14;2;362,29;2019-04-01;724,58
209;2019;4;44;58;1;82,86;2019-04-01;82,86
210;2019;4;72;56;8;859,89;2019-04-01;6879,12
211;2019;4;72;35;4;1033,815;2019-04-01;4135,26
212;2019;4;21;54;1;-83,16;2019-04-01;-83,16
213;2019;4;31;9;1;87,5;2019-04-01;87,5
214;2019;4;66;6;1;1893,36;2019-04-01;1893,36
215;2019;4;31;12;2;1671,595;2019-04-01;3343,19
216;2019;4;72;12;12;3059,1;2019-04-01;36709,2
217;2019;4;66;20;3;76,38;2019-04-01;229,14
218;2019;4;72;41;2;705,23;2019-04-01;1410,46
219;2019;4;66;43;1;89,19;2019-04-01;89,19
220;2019;4;72;55;1;394,545;2019-04-01;394,545
221;2019;4;83;42;1;205,325;2019-04-01;205,325
222;2019;4;81;54;1;82,06;2019-04-01;82,06
223;2019;4;72;16;8;1951,42;2019-04-01;15611,36
224;2019;4;72;17;4;761,825;2019-04-01;3047,3
225;2019;4;44;14;3;1610,095;2019-04-01;4830,285
226;2019;4;64;16;3;152,18;2019-04-01;456,54
227;2019;4;72;9;1;62,75;2019-04-01;62,75
228;2019;4;72;52;1;234,125;2019-04-01;234,125
229;2019;4;44;17;2;56,75;2019-04-01;113,5
230;2019;4;23;56;1;375,0;2019-04-01;375,0
231;2019;4;72;38;13;3460,915;2019-04-01;44991,895
232;2019;4;31;26;1;-4622,065;2019-04-01;-4622,065
233;2019;4;66;57;3;171,855;2019-04-01;515,5649999999999
234;2019;4;66;19;12;1226,945;2019-04-01;14723,34
235;2019;4;66;1;1;159,06;2019-04-01;159,06
236;2019;4;21;20;3;786,48;2019-04-01;2359,44
237;2019;4;72;58;1;279,685;2019-04-01;279,685
238;2019;4;33;14;1;163,755;2019-04-01;163,755
239;2019;5;72;20;2;736,335;2019-05-01;1472,67
240;2019;5;31;47;2;682,84;2019-05-01;1365,68
241;2019;5;44;39;3;79,72;2019-05-01;239,16
242;2019;5;83;16;1;-60,0;2019-05-01;-60,0
243;2019;5;44;12;4;142,0;2019-05-01;568,0
244;2019;5;72;17;5;2172,29;2019-05-01;10861,45
245;2019;5;78;25;1;50,0;2019-05-01;50,0
246;2019;5;72;47;3;695,26;2019-05-01;2085,7799999999997
247;2019;5;13;16;1;73,375;2019-05-01;73,375
248;2019;5;66;38;2;205,43;2019-05-01;410,86
249;2019;5;66;58;2;364,305;2019-05-01;728,61
250;2019;5;72;55;5;3001,26;2019-05-01;15006,300000000001
251;2019;5;66;35;4;170,6;2019-05-01;682,4
252;2019;5;44;35;1;64,945;2019-05-01;64,945
253;2019;5;72;16;14;3645,795;2019-05-01;51041,130000000005
254;2019;5;31;16;4;43637,7;2019-05-01;174550,8
255;2019;5;55;35;1;50,0;2019-05-01;50,0
256;2019;5;44;9;8;386,255;2019-05-01;3090,04
257;2019;5;44;38;11;325,3;2019-05-01;3578,3
258;2019;5;66;16;2;112,8;2019-05-01;225,6
259;2019;5;72;14;11;3916,295;2019-05-01;43079,245
260;2019;5;13;57;1;53,95;2019-05-01;53,95
261;2019;5;44;56;2;720,07;2019-05-01;1440,14
262;2019;5;66;52;2;284,565;2019-05-01;569,13
263;2019;5;66;17;1;51,785;2019-05-01;51,785
264;2019;5;72;54;4;3369,175;2019-05-01;13476,7
265;2019;5;55;57;2;4998,715;2019-05-01;9997,43
266;2019;5;44;16;7;784,855;2019-05-01;5493,985000000001
267;2019;5;66;56;7;419,79;2019-05-01;2938,53
268;2019;5;66;42;3;210,96;2019-05-01;632,88
269;2019;5;31;42;2;304,565;2019-05-01;609,13
270;2019;5;72;56;7;8104,81;2019-05-01;56733,670000000006
271;2019;5;31;56;1;597,5;2019-05-01;597,5
272;2019;5;66;43;1;100,665;2019-05-01;100,665
273;2019;5;66;47;2;59,325;2019-05-01;118,65
274;2019;5;72;42;2;371,19;2019-05-01;742,38
275;2019;5;55;20;2;5873,46;2019-05-01;11746,92
276;2019;5;21;20;4;752,91;2019-05-01;3011,64
277;2019;5;72;39;1;621,07;2019-05-01;621,07
278;2019;5;72;59;3;105,59;2019-05-01;316,77
279;2019;5;44;14;5;184,355;2019-05-01;921,775
280;2019;5;51;16;1;9097,725;2019-05-01;9097,725
281;2019;5;66;19;9;249,435;2019-05-01;2244,915
282;2019;5;44;20;1;79,91;2019-05-01;79,91
283;2019;5;66;57;10;996,23;2019-05-01;9962,3
284;2019;5;66;55;3;128,905;2019-05-01;386,71500000000003
285;2019;5;19;54;2;1405,135;2019-05-01;2810,27
286;2019;5;55;44;1;2506,585;2019-05-01;2506,585
287;2019;5;72;19;5;2722,52;2019-05-01;13612,6
288;2019;5;72;35;5;1542,93;2019-05-01;7714,650000000001
289;2019;5;72;57;6;640,915;2019-05-01;3845,49
290;2019;5;44;54;2;86,98;2019-05-01;173,96
291;2019;5;31;9;2;113,73;2019-05-01;227,46
292;2019;5;31;57;3;305,865;2019-05-01;917,595
293;2019;5;64;57;4;275,335;2019-05-01;1101,34
294;2019;5;72;38;1;75,41;2019-05-01;75,41
295;2019;5;64;26;1;1334,875;2019-05-01;1334,875
296;2019;5;44;15;1;332,42;2019-05-01;332,42
297;2019;5;31;38;1;65,75;2019-05-01;65,75
298;2019;5;66;14;3;115,83;2019-05-01;347,49
299;2019;5;72;9;4;673,22;2019-05-01;2692,88
300;2019;5;72;12;12;2725,29;2019-05-01;32703,48
301;2019;5;66;20;11;309,305;2019-05-01;3402,355
302;2019;5;21;16;2;219,9;2019-05-01;439,8
303;2019;5;31;12;2;11732,565;2019-05-01;23465,13
304;2019;5;72;43;1;331,515;2019-05-01;331,515
305;2019;5;66;54;1;396,05;2019-05-01;396,05
306;2019;6;72;47;4;1029,38;2019-06-01;4117,52
307;2019;6;66;57;2;164,545;2019-06-01;329,09
308;2019;6;66;38;2;194,825;2019-06-01;389,65
309;2019;6;44;13;1;108,5;2019-06-01;108,5
310;2019;6;66;9;1;158,545;2019-06-01;158,545
311;2019;6;66;19;2;61,335;2019-06-01;122,67
312;2019;6;78;25;1;50,0;2019-06-01;50,0
313;2019;6;72;41;1;457,815;2019-06-01;457,815
314;2019;6;81;54;1;115,085;2019-06-01;115,085
315;2019;6;72;35;10;-2522,18;2019-06-01;-25221,8
316;2019;6;83;54;1;2300,23;2019-06-01;2300,23
317;2019;6;55;20;2;385,45;2019-06-01;770,9
318;2019;6;72;56;9;9172,88;2019-06-01;82555,92
319;2019;6;21;20;3;522,515;2019-06-01;1567,545
320;2019;6;42;58;1;231,525;2019-06-01;231,525
321;2019;6;66;56;8;310,74;2019-06-01;2485,92
322;2019;6;44;12;4;163,215;2019-06-01;652,86
323;2019;6;66;35;2;65,745;2019-06-01;131,49
324;2019;6;44;43;1;155,43;2019-06-01;155,43
325;2019;6;72;14;8;3105,49;2019-06-01;24843,92
326;2019;6;72;38;10;2036,625;2019-06-01;20366,25
327;2019;6;31;16;4;4377,835;2019-06-01;17511,34
328;2019;6;55;19;1;9122,64;2019-06-01;9122,64
329;2019;6;64;16;1;163,3;2019-06-01;163,3
330;2019;6;66;42;1;117,555;2019-06-01;117,555
331;2019;6;72;16;13;3074,495;2019-06-01;39968,435
332;2019;6;23;56;2;361,07;2019-06-01;722,14
333;2019;6;44;9;3;149,515;2019-06-01;448,54499999999996
334;2019;6;72;2;1;354,735;2019-06-01;354,735
335;2019;6;66;58;2;50,61;2019-06-01;101,22
336;2019;6;74;1;1;63,81;2019-06-01;63,81
337;2019;6;44;54;2;270,535;2019-06-01;541,07
338;2019;6;31;57;2;504,655;2019-06-01;1009,31
339;2019;6;44;16;7;314,37;2019-06-01;2200,59
340;2019;6;44;17;1;59,0;2019-06-01;59,0
341;2019;6;44;47;1;105,1;2019-06-01;105,1
342;2019;6;66;44;1;98,215;2019-06-01;98,215
343;2019;6;72;43;4;920,71;2019-06-01;3682,84
344;2019;6;72;54;2;136,02;2019-06-01;272,04
345;2019;6;31;1;1;51,5;2019-06-01;51,5
346;2019;6;64;26;3;1705,855;2019-06-01;5117,5650000000005
347;2019;6;31;38;1;675,28;2019-06-01;675,28
348;2019;6;66;14;6;387,41;2019-06-01;2324,46
349;2019;6;77;20;1;11859,25;2019-06-01;11859,25
350;2019;6;72;9;1;273,09;2019-06-01;273,09
351;2019;6;66;1;1;117,52;2019-06-01;117,52
352;2019;6;72;20;6;5941,915;2019-06-01;35651,49
353;2019;6;44;42;6;103,835;2019-06-01;623,01
354;2019;6;44;56;4;2419,08;2019-06-01;9676,32
355;2019;6;66;6;1;1179,5;2019-06-01;1179,5
356;2019;6;31;56;1;263,36;2019-06-01;263,36
357;2019;6;31;54;2;2437,6;2019-06-01;4875,2
358;2019;6;44;38;9;224,11;2019-06-01;2016,9900000000002
359;2019;6;72;1;4;114,585;2019-06-01;458,34
360;2019;6;72;12;11;405,23;2019-06-01;4457,530000000001
361;2019;6;74;2;1;58,35;2019-06-01;58,35
362;2019;6;66;16;7;972,645;2019-06-01;6808,514999999999
363;2019;6;66;55;2;104,72;2019-06-01;209,44
364;2019;6;64;57;1;58,6;2019-06-01;58,6
365;2019;6;72;59;2;950,14;2019-06-01;1900,28
366;2019;6;72;42;2;109,81;2019-06-01;219,62
367;2019;6;31;39;1;136,89;2019-06-01;136,89
368;2019;6;66;20;6;725,075;2019-06-01;4350,450000000001
369;2019;6;66;17;1;243,01;2019-06-01;243,01
370;2019;6;66;46;1;77,945;2019-06-01;77,945
371;2019;6;31;9;2;54,65;2019-06-01;109,3
372;2019;6;44;14;5;176,48;2019-06-01;882,4
373;2019;6;66;2;1;75,005;2019-06-01;75,005
374;2019;7;72;41;4;3170,59;2019-07-01;12682,36
375;2019;7;72;38;8;1276,355;2019-07-01;10210,84
376;2019;7;66;1;6;335,13;2019-07-01;2010,78
377;2019;7;66;57;2;110,21;2019-07-01;220,42
378;2019;7;66;19;30;2209,465;2019-07-01;66283,95000000001
379;2019;7;72;58;1;533,575;2019-07-01;533,575
380;2019;7;72;18;3;-720,72;2019-07-01;-2162,16
381;2019;7;62;27;3;77,315;2019-07-01;231,945
382;2019;7;81;47;4;213,2;2019-07-01;852,8
383;2019;7;72;9;4;1250,225;2019-07-01;5000,9
384;2019;7;66;54;2;518,24;2019-07-01;1036,48
385;2019;7;66;42;3;789,765;2019-07-01;2369,295
386;2019;7;44;55;1;114,62;2019-07-01;114,62
387;2019;7;31;38;1;68,75;2019-07-01;68,75
388;2019;7;72;42;5;1189,215;2019-07-01;5946,075
389;2019;7;44;39;1;61,875;2019-07-01;61,875
390;2019;7;66;43;6;700,315;2019-07-01;4201,89
391;2019;7;66;20;10;411,89;2019-07-01;4118,9
392;2019;7;72;12;11;-794,16;2019-07-01;-8735,76
393;2019;7;75;22;1;87,5;2019-07-01;87,5
394;2019;7;78;25;1;50,0;2019-07-01;50,0
395;2019;7;35;55;1;4322,43;2019-07-01;4322,43
396;2019;7;23;9;1;300,77;2019-07-01;300,77
397;2019;7;83;20;1;137,345;2019-07-01;137,345
398;2019;7;55;57;1;4963,17;2019-07-01;4963,17
399;2019;7;66;9;3;339,115;2019-07-01;1017,345
400;2019;7;13;16;1;76,85;2019-07-01;76,85
401;2019;7;72;59;2;112,99;2019-07-01;225,98
402;2019;7;31;17;1;52,535;2019-07-01;52,535
403;2019;7;66;2;2;130,875;2019-07-01;261,75
404;2019;7;44;20;1;74,04;2019-07-01;74,04
405;2019;7;44;54;1;86,25;2019-07-01;86,25
406;2019;7;31;35;5;-2200,05;2019-07-01;-11000,25
407;2019;7;66;39;1;153,21;2019-07-01;153,21
408;2019;7;72;16;20;7230,69;2019-07-01;144613,8
409;2019;7;44;14;6;173,595;2019-07-01;1041,57
410;2019;7;31;56;1;87,255;2019-07-01;87,255
411;2019;7;66;16;17;1081,245;2019-07-01;18381,164999999997
412;2019;7;21;20;2;258,145;2019-07-01;516,29
413;2019;7;44;38;9;330,515;2019-07-01;2974,6349999999998
414;2019;7;72;56;4;409,975;2019-07-01;1639,9
415;2019;7;31;16;1;195,145;2019-07-01;195,145
416;2019;7;72;35;20;625,955;2019-07-01;12519,1
417;2019;7;55;20;2;1613,325;2019-07-01;3226,65
418;2019;7;64;16;2;56,06;2019-07-01;112,12
419;2019;7;54;42;1;3974,645;2019-07-01;3974,645
420;2019;7;44;35;1;59,5;2019-07-01;59,5
421;2019;7;66;44;1;156,97;2019-07-01;156,97
422;2019;7;66;14;4;664,785;2019-07-01;2659,14
423;2019;7;72;54;2;1289,645;2019-07-01;2579,29
424;2019;7;66;58;1;52,74;2019-07-01;52,74
425;2019;7;83;42;1;169,855;2019-07-01;169,855
426;2019;7;31;57;2;59,69;2019-07-01;119,38
427;2019;7;66;38;12;2273,68;2019-07-01;27284,159999999996
428;2019;7;75;27;1;71,33;2019-07-01;71,33
429;2019;7;72;47;1;674,29;2019-07-01;674,29
430;2019;7;64;57;1;52,47;2019-07-01;52,47
431;2019;7;72;57;10;2057,59;2019-07-01;20575,9
432;2019;7;66;35;10;20,225;2019-07-01;202,25
433;2019;7;19;13;1;335,625;2019-07-01;335,625
434;2019;7;21;25;1;50,0;2019-07-01;50,0
435;2019;7;66;56;6;608,515;2019-07-01;3651,09
436;2019;7;72;39;2;1080,64;2019-07-01;2161,28
437;2019;7;66;47;2;122,93;2019-07-01;245,86
438;2019;7;13;1;1;122,675;2019-07-01;122,675
439;2019;7;44;16;8;475,145;2019-07-01;3801,16
440;2019;7;72;2;4;56,03;2019-07-01;224,12
441;2019;7;44;9;3;267,445;2019-07-01;802,335
442;2019;7;72;44;2;377,24;2019-07-01;754,48
443;2019;7;66;52;1;123,65;2019-07-01;123,65
444;2019;7;72;1;2;439,015;2019-07-01;878,03
445;2019;7;72;14;7;4364,14;2019-07-01;30548,980000000003
446;2019;7;66;17;1;343,705;2019-07-01;343,705
447;2019;7;64;1;1;1159,39;2019-07-01;1159,39
448;2019;7;72;20;2;166,84;2019-07-01;333,68
449;2019;7;66;55;3;172,685;2019-07-01;518,0550000000001
450;2019;7;44;42;4;546,405;2019-07-01;2185,62
451;2019;7;44;12;5;278,73;2019-07-01;1393,65
452;2019;7;77;20;1;2329,63;2019-07-01;2329,63
453;2019;7;23;16;1;51,015;2019-07-01;51,015
454;2019;8;31;38;3;2193,42;2019-08-01;6580,26
455;2019;8;66;14;5;507,225;2019-08-01;2536,125
456;2019;8;72;18;1;43,02;2019-08-01;43,02
457;2019;8;21;16;2;797,57;2019-08-01;1595,14
458;2019;8;66;20;3;141,52;2019-08-01;424,56000000000006
459;2019;8;72;43;5;517,865;2019-08-01;2589,325
460;2019;8;72;38;4;1382,2;2019-08-01;5528,8
461;2019;8;66;1;8;430,485;2019-08-01;3443,88
462;2019;8;72;12;17;817,66;2019-08-01;13900,22
463;2019;8;72;16;16;4518,89;2019-08-01;72302,24
464;2019;8;64;16;2;72,95;2019-08-01;145,9
465;2019;8;31;9;2;53,25;2019-08-01;106,5
466;2019;8;66;39;3;522,83;2019-08-01;1568,4900000000002
467;2019;8;23;20;1;172,46;2019-08-01;172,46
468;2019;8;31;16;5;622,64;2019-08-01;3113,2
469;2019;8;66;2;5;264,005;2019-08-01;1320,025
470;2019;8;55;1;1;150,515;2019-08-01;150,515
471;2019;8;72;19;2;368,76;2019-08-01;737,52
472;2019;8;19;13;1;265,285;2019-08-01;265,285
473;2019;8;31;57;1;1480,235;2019-08-01;1480,235
474;2019;8;44;14;3;107,35;2019-08-01;322,04999999999995
475;2019;8;44;16;4;569,395;2019-08-01;2277,58
476;2019;8;31;39;1;81,5;2019-08-01;81,5
477;2019;8;72;59;6;417,94;2019-08-01;2507,64
478;2019;8;72;39;2;283,46;2019-08-01;566,92
479;2019;8;66;43;4;578,685;2019-08-01;2314,74
480;2019;8;66;57;1;54,79;2019-08-01;54,79
481;2019;8;21;25;2;175,0;2019-08-01;350,0
482;2019;8;66;19;13;646,215;2019-08-01;8400,795
483;2019;8;6;12;1;-137,08;2019-08-01;-137,08
484;2019;8;44;17;1;73,1;2019-08-01;73,1
485;2019;8;62;27;27;320,0;2019-08-01;8640,0
486;2019;8;55;20;4;5732,45;2019-08-01;22929,8
487;2019;8;44;2;1;69,0;2019-08-01;69,0
488;2019;8;72;35;1;92,54;2019-08-01;92,54
489;2019;8;72;56;5;873,705;2019-08-01;4368,525000000001
490;2019;8;72;15;1;157,52;2019-08-01;157,52
491;2019;8;31;56;1;157,305;2019-08-01;157,305
492;2019;8;72;42;2;233,42;2019-08-01;466,84
493;2019;8;64;26;4;993,07;2019-08-01;3972,28
494;2019;8;66;16;11;1052,615;2019-08-01;11578,765
495;2019;8;72;9;3;386,555;2019-08-01;1159,665
496;2019;8;31;35;5;43908,04;2019-08-01;219540,2
497;2019;8;66;35;6;341,63;2019-08-01;2049,7799999999997
498;2019;8;55;12;1;25766,23;2019-08-01;25766,23
499;2019;8;66;56;6;348,655;2019-08-01;2091,93
500;2019;8;62;22;4;2532,45;2019-08-01;10129,8
501;2019;8;72;1;1;349,15;2019-08-01;349,15
502;2019;8;23;16;2;3410,83;2019-08-01;6821,66
503;2019;8;72;55;1;289,75;2019-08-01;289,75
504;2019;8;44;1;1;86,25;2019-08-01;86,25
505;2019;8;44;9;1;68,195;2019-08-01;68,195
506;2019;8;66;9;1;105,265;2019-08-01;105,265
507;2019;8;72;41;3;667,885;2019-08-01;2003,655
508;2019;8;31;14;1;210,17;2019-08-01;210,17
509;2019;8;72;44;2;2123,405;2019-08-01;4246,81
510;2019;8;66;59;3;53,68;2019-08-01;161,04
511;2019;8;66;55;7;744,665;2019-08-01;5212,655
512;2019;8;72;14;10;6058,185;2019-08-01;60581,850000000006
513;2019;8;44;38;7;290,455;2019-08-01;2033,185
514;2019;8;66;17;2;2165,27;2019-08-01;4330,54
515;2019;8;21;56;1;54,5;2019-08-01;54,5
516;2019;8;72;2;5;399,375;2019-08-01;1996,875
517;2019;8;72;17;2;370,21;2019-08-01;740,42
518;2019;8;31;55;1;274,295;2019-08-01;274,295
519;2019;8;72;13;1;90,195;2019-08-01;90,195
520;2019;8;72;46;2;410,88;2019-08-01;821,76
521;2019;8;44;12;6;1055,735;2019-08-01;6334,41
522;2019;8;66;38;2;440,785;2019-08-01;881,57
523;2019;8;44;59;1;71,25;2019-08-01;71,25
524;2019;8;77;20;1;2319,855;2019-08-01;2319,855
525;2019;8;78;25;1;50,0;2019-08-01;50,0
526;2019;8;72;20;1;2154,725;2019-08-01;2154,725
527;2019;8;72;47;1;86,43;2019-08-01;86,43
528;2019;8;44;42;14;349,85;2019-08-01;4897,900000000001
529;2019;8;66;58;1;236,755;2019-08-01;236,755
530;2019;9;72;12;13;1109,27;2019-09-01;14420,51
531;2019;9;66;20;10;253,825;2019-09-01;2538,25
532;2019;9;35;22;1;273,97;2019-09-01;273,97
533;2019;9;64;22;2;200,54;2019-09-01;401,08
534;2019;9;72;39;1;621,07;2019-09-01;621,07
535;2019;9;72;59;1;102,705;2019-09-01;102,705
536;2019;9;44;16;13;560,895;2019-09-01;7291,635
537;2019;9;66;17;1;59,795;2019-09-01;59,795
538;2019;9;66;44;2;243,03;2019-09-01;486,06
539;2019;9;72;1;13;1399,175;2019-09-01;18189,274999999998
540;2019;9;72;35;2;291,17;2019-09-01;582,34
541;2019;9;31;9;3;149,0;2019-09-01;447,0
542;2019;9;44;42;2;69,0;2019-09-01;138,0
543;2019;9;21;16;1;855,115;2019-09-01;855,115
544;2019;9;66;16;20;1257,755;2019-09-01;25155,100000000002
545;2019;9;6;17;1;73,085;2019-09-01;73,085
546;2019;9;66;1;3;145,6;2019-09-01;436,79999999999995
547;2019;9;44;38;5;493,295;2019-09-01;2466,475
548;2019;9;72;38;9;1776,735;2019-09-01;15990,615
549;2019;9;66;14;1;51,785;2019-09-01;51,785
550;2019;9;31;57;4;1747,73;2019-09-01;6990,92
551;2019;9;72;2;2;110,255;2019-09-01;220,51
552;2019;9;66;42;2;244,25;2019-09-01;488,5
553;2019;9;72;9;12;2423,415;2019-09-01;29080,98
554;2019;9;44;17;2;74,0;2019-09-01;148,0
555;2019;9;75;27;3;106,835;2019-09-01;320,505
556;2019;9;66;35;1;60,12;2019-09-01;60,12
557;2019;9;44;9;5;161,325;2019-09-01;806,625
558;2019;9;66;56;1;96,415;2019-09-01;96,415
559;2019;9;72;44;2;667,705;2019-09-01;1335,41
560;2019;9;44;57;1;354,95;2019-09-01;354,95
561;2019;9;72;55;2;51,85;2019-09-01;103,7
562;2019;9;66;39;3;241,96;2019-09-01;725,88
563;2019;9;72;14;2;389,935;2019-09-01;779,87
564;2019;9;64;16;1;66,795;2019-09-01;66,795
565;2019;9;72;16;13;2824,355;2019-09-01;36716,615
566;2019;9;66;9;5;357,96;2019-09-01;1789,8
567;2019;9;42;20;1;1569,875;2019-09-01;1569,875
568;2019;9;21;57;1;3740,865;2019-09-01;3740,865
569;2019;9;23;16;2;50,0;2019-09-01;100,0
570;2019;9;72;17;1;95,415;2019-09-01;95,415
571;2019;9;31;20;1;457,26;2019-09-01;457,26
572;2019;9;31;16;4;308,275;2019-09-01;1233,1
573;2019;9;35;20;1;67,88;2019-09-01;67,88
574;2019;9;31;14;1;141,59;2019-09-01;141,59
575;2019;9;66;59;1;71,42;2019-09-01;71,42
576;2019;9;44;54;1;997,3;2019-09-01;997,3
577;2019;9;72;20;2;430,4;2019-09-01;860,8
578;2019;9;62;22;2;100,0;2019-09-01;200,0
579;2019;9;44;12;10;890,405;2019-09-01;8904,05
580;2019;9;62;27;31;360,0;2019-09-01;11160,0
581;2019;9;66;19;4;1198,405;2019-09-01;4793,62
582;2019;9;72;54;1;108,34;2019-09-01;108,34
583;2019;9;66;57;2;53,57;2019-09-01;107,14
584;2019;9;68;22;1;156,1275;2019-09-01;156,1275
585;2019;9;21;20;2;431,315;2019-09-01;862,63
586;2019;9;66;38;9;1930,86;2019-09-01;17377,739999999998
587;2019;9;13;16;1;54,925;2019-09-01;54,925
588;2019;9;72;41;1;424,28;2019-09-01;424,28
589;2019;9;75;22;1;50,0;2019-09-01;50,0
590;2019;9;44;39;1;59,5;2019-09-01;59,5
591;2019;9;78;25;1;50,0;2019-09-01;50,0
592;2019;9;74;42;1;1478,695;2019-09-01;1478,695
593;2019;10;66;17;8;5586,755;2019-10-01;44694,04
594;2019;10;77;20;2;10924,18;2019-10-01;21848,36
595;2019;10;44;42;3;101,08;2019-10-01;303,24
596;2019;10;62;22;3;206,085;2019-10-01;618,255
597;2019;10;66;47;1;51,785;2019-10-01;51,785
598;2019;10;72;39;2;1447,145;2019-10-01;2894,29
599;2019;10;44;9;6;189,07;2019-10-01;1134,42
600;2019;10;23;16;1;736,635;2019-10-01;736,635
601;2019;10;31;39;1;81,5;2019-10-01;81,5
602;2019;10;44;59;1;71,25;2019-10-01;71,25
603;2019;10;44;16;9;3519,065;2019-10-01;31671,585
604;2019;10;66;35;2;-45,085;2019-10-01;-90,17
605;2019;10;21;17;1;74,675;2019-10-01;74,675
606;2019;10;72;2;4;57,855;2019-10-01;231,42
607;2019;10;64;2;1;76,71;2019-10-01;76,71
608;2019;10;44;12;11;1004,175;2019-10-01;11045,925
609;2019;10;6;12;1;70,0;2019-10-01;70,0
610;2019;10;66;20;8;1335,735;2019-10-01;10685,88
611;2019;10;72;12;15;1206,21;2019-10-01;18093,15
612;2019;10;72;43;3;515,475;2019-10-01;1546,4250000000002
613;2019;10;31;12;3;1650,28;2019-10-01;4950,84
614;2019;10;79;12;2;138,63;2019-10-01;277,26
615;2019;10;66;16;18;693,195;2019-10-01;12477,51
616;2019;10;72;19;1;1142,6;2019-10-01;1142,6
617;2019;10;31;57;6;1689,42;2019-10-01;10136,52
618;2019;10;72;1;4;1154,0;2019-10-01;4616,0
619;2019;10;44;38;4;101,415;2019-10-01;405,66
620;2019;10;64;27;1;625,95;2019-10-01;625,95
621;2019;10;56;17;1;968,63;2019-10-01;968,63
622;2019;10;23;20;1;49,085;2019-10-01;49,085
623;2019;10;72;57;4;2562,58;2019-10-01;10250,32
624;2019;10;66;19;9;889,905;2019-10-01;8009,1449999999995
625;2019;10;64;22;1;73,235;2019-10-01;73,235
626;2019;10;44;20;1;122,5;2019-10-01;122,5
627;2019;10;72;16;12;3449,125;2019-10-01;41389,5
628;2019;10;72;56;2;954,01;2019-10-01;1908,02
629;2019;10;72;59;2;314,205;2019-10-01;628,41
630;2019;10;72;35;21;-6215,88;2019-10-01;-130533,48
631;2019;10;66;57;5;331,56;2019-10-01;1657,8
632;2019;10;64;16;3;73,205;2019-10-01;219,615
633;2019;10;55;20;1;86,0;2019-10-01;86,0
634;2019;10;31;16;4;12111,675;2019-10-01;48446,7
635;2019;10;62;27;5;109,99;2019-10-01;549,9499999999999
636;2019;10;75;22;5;721,165;2019-10-01;3605,825
637;2019;10;44;39;1;63,73;2019-10-01;63,73
638;2019;10;31;35;3;-5,885;2019-10-01;-17,655
639;2019;10;66;38;7;774,055;2019-10-01;5418,384999999999
640;2019;10;66;13;1;241,785;2019-10-01;241,785
641;2019;10;72;42;1;162,64;2019-10-01;162,64
642;2019;10;35;55;1;183,095;2019-10-01;183,095
643;2019;10;66;1;6;1968,035;2019-10-01;11808,210000000001
644;2019;10;72;18;1;-335,575;2019-10-01;-335,575
645;2019;10;72;38;7;2803,375;2019-10-01;19623,625
646;2019;10;72;9;8;2530,48;2019-10-01;20243,84
647;2019;10;72;47;1;81,88;2019-10-01;81,88
648;2019;10;72;55;2;307,22;2019-10-01;614,44
649;2019;10;66;9;1;308,825;2019-10-01;308,825
650;2019;10;78;25;1;50,0;2019-10-01;50,0
651;2019;10;66;43;5;394,525;2019-10-01;1972,625
652;2019;10;31;42;1;110,26;2019-10-01;110,26
653;2019;10;43;17;3;633,415;2019-10-01;1900,245
654;2019;10;44;19;1;1220,8;2019-10-01;1220,8
655;2019;10;66;42;1;71,455;2019-10-01;71,455
656;2019;10;24;22;1;100,0;2019-10-01;100,0
657;2019;10;72;14;3;994,66;2019-10-01;2983,98
658;2019;10;31;38;3;167,425;2019-10-01;502,27500000000003
659;2019;10;66;39;2;80,35;2019-10-01;160,7
660;2019;11;77;20;1;8850,0;2019-11-01;8850,0
661;2019;11;21;16;1;87,33;2019-11-01;87,33
662;2019;11;66;14;1;51,785;2019-11-01;51,785
663;2019;11;24;25;1;50,0;2019-11-01;50,0
664;2019;11;72;43;4;652,835;2019-11-01;2611,34
665;2019;11;72;13;1;152,355;2019-11-01;152,355
666;2019;11;72;20;3;229,955;2019-11-01;689,865
667;2019;11;13;16;2;68,07;2019-11-01;136,14
668;2019;11;78;25;1;50,0;2019-11-01;50,0
669;2019;11;66;9;4;403,415;2019-11-01;1613,66
670;2019;11;72;2;2;53,0;2019-11-01;106,0
671;2019;11;79;2;1;350,665;2019-11-01;350,665
672;2019;11;64;27;1;62,0;2019-11-01;62,0
673;2019;11;72;47;1;448,23;2019-11-01;448,23
674;2019;11;44;9;2;101,87;2019-11-01;203,74
675;2019;11;55;19;1;4204,635;2019-11-01;4204,635
676;2019;11;64;1;1;141,455;2019-11-01;141,455
677;2019;11;44;35;4;25,39;2019-11-01;101,56
678;2019;11;72;17;1;786,975;2019-11-01;786,975
679;2019;11;66;38;5;617,585;2019-11-01;3087,925
680;2019;11;55;11;1;67,25;2019-11-01;67,25
681;2019;11;75;25;1;50,0;2019-11-01;50,0
682;2019;11;31;57;9;4595,255;2019-11-01;41357,295
683;2019;11;66;17;6;958,07;2019-11-01;5748,42
684;2019;11;66;52;1;274,795;2019-11-01;274,795
685;2019;11;44;19;1;73,75;2019-11-01;73,75
686;2019;11;31;37;1;6656,935;2019-11-01;6656,935
687;2019;11;66;42;1;190,775;2019-11-01;190,775
688;2019;11;44;12;1;69,0;2019-11-01;69,0
689;2019;11;44;38;15;504,81;2019-11-01;7572,15
690;2019;11;66;56;1;79,475;2019-11-01;79,475
691;2019;11;72;1;3;263,53;2019-11-01;790,5899999999999
692;2019;11;56;17;1;11672,69;2019-11-01;11672,69
693;2019;11;66;16;18;1071,62;2019-11-01;19289,159999999996
694;2019;11;23;9;1;33,32;2019-11-01;33,32
695;2019;11;74;12;1;703,835;2019-11-01;703,835
696;2019;11;31;38;3;103,25;2019-11-01;309,75
697;2019;11;72;35;16;-4990,125;2019-11-01;-79842,0
698;2019;11;62;27;6;170,24;2019-11-01;1021,44
699;2019;11;44;13;1;76,1;2019-11-01;76,1
700;2019;11;66;1;5;147,435;2019-11-01;737,175
701;2019;11;31;58;1;97,19;2019-11-01;97,19
702;2019;11;72;9;9;2168,84;2019-11-01;19519,56
703;2019;11;44;16;4;173,665;2019-11-01;694,66
704;2019;11;72;52;3;2230,885;2019-11-01;6692,655000000001
705;2019;11;66;57;2;980,0;2019-11-01;1960,0
706;2019;11;31;52;1;87,5;2019-11-01;87,5
707;2019;11;6;12;1;70,0;2019-11-01;70,0
708;2019;11;66;43;2;196,65;2019-11-01;393,3
709;2019;11;66;19;2;81,655;2019-11-01;163,31
710;2019;11;72;16;16;440,355;2019-11-01;7045,68
711;2019;11;31;9;1;1278,43;2019-11-01;1278,43
712;2019;11;72;57;3;163,825;2019-11-01;491,47499999999997
713;2019;11;72;59;1;80,0;2019-11-01;80,0
714;2019;11;31;16;4;2104,645;2019-11-01;8418,58
715;2019;11;31;12;1;665,87;2019-11-01;665,87
716;2019;11;66;20;2;75,51;2019-11-01;151,02
717;2019;11;66;2;1;72,995;2019-11-01;72,995
718;2019;11;23;20;1;1896,43;2019-11-01;1896,43
719;2019;11;72;19;2;218,155;2019-11-01;436,31
720;2019;11;64;22;3;685,265;2019-11-01;2055,795
721;2019;11;72;12;8;247,51;2019-11-01;1980,08
722;2019;11;72;42;2;399,49;2019-11-01;798,98
723;2019;11;72;38;5;937,85;2019-11-01;4689,25
724;2019;11;66;39;3;68,925;2019-11-01;206,77499999999998
725;2019;12;72;47;4;1384,155;2019-12-01;5536,62
726;2019;12;66;38;8;1280,02;2019-12-01;10240,16
727;2019;12;66;42;1;56,62;2019-12-01;56,62
728;2019;12;72;41;2;673,37;2019-12-01;1346,74
729;2019;12;66;19;4;182,07;2019-12-01;728,28
730;2019;12;66;16;12;386,89;2019-12-01;4642,68
731;2019;12;55;38;3;507,22;2019-12-01;1521,66
732;2019;12;42;1;1;207,48;2019-12-01;207,48
733;2019;12;72;58;1;125,585;2019-12-01;125,585
734;2019;12;66;52;1;113,77;2019-12-01;113,77
735;2019;12;72;44;1;100,865;2019-12-01;100,865
736;2019;12;72;20;1;50,0;2019-12-01;50,0
737;2019;12;66;39;1;57,73;2019-12-01;57,73
738;2019;12;31;16;5;6788,89;2019-12-01;33944,450000000004
739;2019;12;44;42;1;59,5;2019-12-01;59,5
740;2019;12;55;35;5;2081,74;2019-12-01;10408,699999999999
741;2019;12;44;12;2;99,4;2019-12-01;198,8
742;2019;12;64;16;2;128,39;2019-12-01;256,78
743;2019;12;55;42;1;1715,345;2019-12-01;1715,345
744;2019;12;72;16;12;2299,98;2019-12-01;27599,760000000002
745;2019;12;77;20;1;8960,0;2019-12-01;8960,0
746;2019;12;66;56;3;177,465;2019-12-01;532,395
747;2019;12;66;35;4;589,64;2019-12-01;2358,56
748;2019;12;55;12;1;196,805;2019-12-01;196,805
749;2019;12;83;20;1;147,715;2019-12-01;147,715
750;2019;12;44;9;1;69,0;2019-12-01;69,0
751;2019;12;31;17;1;51,5;2019-12-01;51,5
752;2019;12;44;19;1;73,75;2019-12-01;73,75
753;2019;12;66;9;7;390,18;2019-12-01;2731,26
754;2019;12;55;39;1;19110,9;2019-12-01;19110,9
755;2019;12;13;16;1;56,49;2019-12-01;56,49
756;2019;12;75;25;6;50,0;2019-12-01;300,0
757;2019;12;31;20;1;610,335;2019-12-01;610,335
758;2019;12;78;25;1;50,0;2019-12-01;50,0
759;2019;12;31;57;2;154,37;2019-12-01;308,74
760;2019;12;23;20;1;70,78;2019-12-01;70,78
761;2019;12;72;9;9;1839,405;2019-12-01;16554,645
762;2019;12;72;2;1;341,675;2019-12-01;341,675
763;2019;12;77;2;1;221,8575;2019-12-01;221,8575
764;2019;12;72;19;3;571,52;2019-12-01;1714,56
765;2019;12;44;52;1;69,0;2019-12-01;69,0
766;2019;12;66;1;5;123,45;2019-12-01;617,25
767;2019;12;44;35;2;73,75;2019-12-01;147,5
768;2019;12;55;11;1;99,65;2019-12-01;99,65
769;2019;12;72;38;7;1629,35;2019-12-01;11405,449999999999
770;2019;12;44;38;10;738,395;2019-12-01;7383,95
771;2019;12;66;17;6;574,745;2019-12-01;3448,4700000000003
772;2019;12;55;20;7;5526,5;2019-12-01;38685,5
773;2019;12;66;2;2;102,04;2019-12-01;204,08
774;2019;12;31;38;5;741,44;2019-12-01;3707,2000000000003
775;2019;12;21;20;1;74,59;2019-12-01;74,59
776;2019;12;31;35;2;492,03;2019-12-01;984,06
777;2019;12;55;16;1;125950,595;2019-12-01;125950,595
778;2019;12;44;20;1;123,605;2019-12-01;123,605
779;2019;12;72;1;1;606,23;2019-12-01;606,23
780;2019;12;31;9;4;7310,08;2019-12-01;29240,32
781;2019;12;72;56;1;223,235;2019-12-01;223,235
782;2019;12;72;35;3;94,955;2019-12-01;284,865
783;2019;12;66;43;3;145,865;2019-12-01;437,595
784;2019;12;72;42;1;100,37;2019-12-01;100,37
785;2019;12;35;22;1;57,5;2019-12-01;57,5
786;2019;12;66;20;2;130,825;2019-12-01;261,65
787;2019;12;55;37;4;581,425;2019-12-01;2325,7
788;2019;12;44;16;5;211,53;2019-12-01;1057,65
789;2019;12;72;12;13;913,205;2019-12-01;11871,665
790;2019;12;72;52;1;252,395;2019-12-01;252,395
791;2019;12;31;42;2;214,74;2019-12-01;429,48
792;2019;12;72;59;2;1484,345;2019-12-01;2968,69
793;2019;12;13;1;1;97,435;2019-12-01;97,435
794;2019;12;66;47;1;64,995;2019-12-01;64,995
795;2020;1;66;16;8;1286,77;2020-01-01;10294,16
796;2020;1;33;19;1;84,82;2020-01-01;84,82
797;2020;1;6;22;2;201,04;2020-01-01;402,08
798;2020;1;23;2;1;55,59;2020-01-01;55,59
799;2020;1;44;56;1;121,04;2020-01-01;121,04
800;2020;1;66;14;1;57,575;2020-01-01;57,575
801;2020;1;44;35;1;59,5;2020-01-01;59,5
802;2020;1;21;16;1;154,23;2020-01-01;154,23
803;2020;1;55;38;1;29652,37;2020-01-01;29652,37
804;2020;1;72;13;1;109,325;2020-01-01;109,325
805;2020;1;72;36;6;6538,515;2020-01-01;39231,090000000004
806;2020;1;72;57;5;529,425;2020-01-01;2647,125
807;2020;1;78;25;1;50,0;2020-01-01;50,0
808;2020;1;75;37;3;-52,64;2020-01-01;-157,92000000000002
809;2020;1;31;19;2;1981,745;2020-01-01;3963,49
810;2020;1;72;47;2;437,17;2020-01-01;874,34
811;2020;1;31;2;1;1324,06;2020-01-01;1324,06
812;2020;1;31;39;1;70,0;2020-01-01;70,0
813;2020;1;44;9;2;108,0;2020-01-01;216,0
814;2020;1;44;16;6;831,175;2020-01-01;4987,049999999999
815;2020;1;72;39;2;2435,98;2020-01-01;4871,96
816;2020;1;66;38;5;417,065;2020-01-01;2085,325
817;2020;1;72;19;6;556,64;2020-01-01;3339,84
818;2020;1;13;18;1;50,045;2020-01-01;50,045
819;2020;1;66;35;2;235,775;2020-01-01;471,55
820;2020;1;55;16;3;28328,525;2020-01-01;84985,57500000001
821;2020;1;72;44;1;218,055;2020-01-01;218,055
822;2020;1;72;2;2;1874,005;2020-01-01;3748,01
823;2020;1;72;1;2;661,87;2020-01-01;1323,74
824;2020;1;23;16;2;719,605;2020-01-01;1439,21
825;2020;1;44;38;4;362,285;2020-01-01;1449,14
826;2020;1;31;20;3;799,17;2020-01-01;2397,5099999999998
827;2020;1;55;35;1;79,625;2020-01-01;79,625
828;2020;1;44;12;5;602,43;2020-01-01;3012,1499999999996
829;2020;1;72;20;3;3122,05;2020-01-01;9366,150000000001
830;2020;1;44;42;3;77,5;2020-01-01;232,5
831;2020;1;72;14;6;2773,23;2020-01-01;16639,38
832;2020;1;55;42;1;2596,77;2020-01-01;2596,77
833;2020;1;66;46;1;483,5;2020-01-01;483,5
834;2020;1;66;17;5;320,96;2020-01-01;1604,8
835;2020;1;77;20;1;8850,0;2020-01-01;8850,0
836;2020;1;72;58;1;88,095;2020-01-01;88,095
837;2020;1;31;14;1;1855,635;2020-01-01;1855,635
838;2020;1;44;20;1;112,5;2020-01-01;112,5
839;2020;1;66;57;3;201,04;2020-01-01;603,12
840;2020;1;31;38;3;-6,545;2020-01-01;-19,634999999999998
841;2020;1;31;58;1;270,605;2020-01-01;270,605
842;2020;1;72;38;6;2368,275;2020-01-01;14209,650000000001
843;2020;1;72;18;1;333,235;2020-01-01;333,235
844;2020;1;31;18;1;2177,31;2020-01-01;2177,31
845;2020;1;66;19;15;792,46;2020-01-01;11886,900000000001
846;2020;1;6;16;1;70,0;2020-01-01;70,0
847;2020;1;72;9;7;-2522,425;2020-01-01;-17656,975000000002
848;2020;1;72;15;2;1063,68;2020-01-01;2127,36
849;2020;1;23;9;1;19380,075;2020-01-01;19380,075
850;2020;1;6;12;4;90,0;2020-01-01;360,0
851;2020;1;66;36;3;196,32;2020-01-01;588,96
852;2020;1;66;42;1;71,42;2020-01-01;71,42
853;2020;1;72;55;1;397,87;2020-01-01;397,87
854;2020;1;66;9;1;51,785;2020-01-01;51,785
855;2020;1;31;12;2;357,325;2020-01-01;714,65
856;2020;1;21;37;2;50,0;2020-01-01;100,0
857;2020;1;72;59;1;327,9;2020-01-01;327,9
858;2020;1;66;20;10;660,205;2020-01-01;6602,05
859;2020;1;72;17;7;4392,39;2020-01-01;30746,730000000003
860;2020;1;64;22;2;224,52;2020-01-01;449,04
861;2020;1;72;12;7;-361,63;2020-01-01;-2531,41
862;2020;1;13;16;1;136,925;2020-01-01;136,925
863;2020;1;55;37;2;50,0;2020-01-01;100,0
864;2020;1;31;17;1;100,255;2020-01-01;100,255
865;2020;1;66;43;2;203,955;2020-01-01;407,91
866;2020;1;72;42;3;503,175;2020-01-01;1509,525
867;2020;1;31;35;6;148598,29;2020-01-01;891589,74
868;2020;1;72;56;1;319,14;2020-01-01;319,14
869;2020;1;66;2;3;1051,94;2020-01-01;3155,82
870;2020;1;55;20;4;7721,405;2020-01-01;30885,62
871;2020;1;31;16;30;7033,79;2020-01-01;211013,7
872;2020;1;72;16;8;5112,605;2020-01-01;40900,84
873;2020;1;72;35;3;-69,925;2020-01-01;-209,77499999999998
874;2020;2;66;56;1;71,42;2020-02-01;71,42
875;2020;2;44;19;1;26,25;2020-02-01;26,25
876;2020;2;66;46;2;1411,06;2020-02-01;2822,12
877;2020;2;66;59;4;176,535;2020-02-01;706,14
878;2020;2;33;2;1;80,64;2020-02-01;80,64
879;2020;2;66;17;2;88,425;2020-02-01;176,85
880;2020;2;72;1;1;2031,23;2020-02-01;2031,23
881;2020;2;72;14;2;310,75;2020-02-01;621,5
882;2020;2;44;38;4;94,375;2020-02-01;377,5
883;2020;2;66;16;13;491,685;2020-02-01;6391,905
884;2020;2;72;46;1;1852,79;2020-02-01;1852,79
885;2020;2;44;56;1;81,615;2020-02-01;81,615
886;2020;2;72;17;1;52,15;2020-02-01;52,15
887;2020;2;72;16;12;708,115;2020-02-01;8497,380000000001
888;2020;2;72;2;5;984,905;2020-02-01;4924,525
889;2020;2;44;9;1;73,75;2020-02-01;73,75
890;2020;2;44;42;1;73,75;2020-02-01;73,75
891;2020;2;66;9;1;107,23;2020-02-01;107,23
892;2020;2;66;38;3;546,115;2020-02-01;1638,345
893;2020;2;72;20;5;1743,94;2020-02-01;8719,7
894;2020;2;78;25;1;50,0;2020-02-01;50,0
895;2020;2;31;20;2;602,075;2020-02-01;1204,15
896;2020;2;72;47;1;50,96;2020-02-01;50,96
897;2020;2;75;37;1;-572,26;2020-02-01;-572,26
898;2020;2;66;58;1;100,97;2020-02-01;100,97
899;2020;2;44;59;4;137,5;2020-02-01;550,0
900;2020;2;44;12;4;130,75;2020-02-01;523,0
901;2020;2;31;43;1;76,25;2020-02-01;76,25
902;2020;2;54;9;1;100,0;2020-02-01;100,0
903;2020;2;31;12;1;488,235;2020-02-01;488,235
904;2020;2;72;38;7;2379,75;2020-02-01;16658,25
905;2020;2;64;18;1;310,73;2020-02-01;310,73
906;2020;2;21;16;2;103,7;2020-02-01;207,4
907;2020;2;72;43;2;2380,86;2020-02-01;4761,72
908;2020;2;31;38;1;217,165;2020-02-01;217,165
909;2020;2;72;12;3;268,85;2020-02-01;806,5500000000001
910;2020;2;66;14;3;624,3;2020-02-01;1872,8999999999999
911;2020;2;66;1;5;340,33;2020-02-01;1701,6499999999999
912;2020;2;31;9;1;739,005;2020-02-01;739,005
913;2020;2;72;57;3;181,315;2020-02-01;543,9449999999999
914;2020;2;72;19;8;1840,095;2020-02-01;14720,76
915;2020;2;66;47;1;258,59;2020-02-01;258,59
916;2020;2;13;1;1;121,3;2020-02-01;121,3
917;2020;2;72;39;4;232,1;2020-02-01;928,4
918;2020;2;66;2;2;92,74;2020-02-01;185,48
919;2020;2;31;16;7;1273,22;2020-02-01;8912,54
920;2020;2;31;57;2;626,245;2020-02-01;1252,49
921;2020;2;72;59;4;133,35;2020-02-01;533,4
922;2020;2;31;39;1;144,035;2020-02-01;144,035
923;2020;2;23;43;1;729,035;2020-02-01;729,035
924;2020;2;44;16;4;216,42;2020-02-01;865,68
925;2020;2;66;19;10;229,31;2020-02-01;2293,1
926;2020;2;66;57;1;51,79;2020-02-01;51,79
927;2020;2;44;20;1;65,75;2020-02-01;65,75
928;2020;2;66;43;2;320,5;2020-02-01;641,0
929;2020;2;55;20;7;6693,925;2020-02-01;46857,475
930;2020;2;72;35;4;199,745;2020-02-01;798,98
931;2020;2;72;56;1;118,975;2020-02-01;118,975
932;2020;2;21;2;1;21,375;2020-02-01;21,375
933;2020;2;44;17;1;64,0;2020-02-01;64,0
934;2020;2;31;42;1;52,0;2020-02-01;52,0
935;2020;2;66;13;1;71,435;2020-02-01;71,435
936;2020;2;72;9;2;233,935;2020-02-01;467,87
937;2020;2;31;35;2;60,39;2020-02-01;120,78
938;2020;2;6;12;4;-212,245;2020-02-01;-848,98
939;2020;2;66;27;1;55,76;2020-02-01;55,76
940;2020;2;72;15;1;96,64;2020-02-01;96,64
941;2020;3;64;16;1;135,085;2020-03-01;135,085
942;2020;3;66;42;2;95,0;2020-03-01;190,0
943;2020;3;64;25;1;1112,18;2020-03-01;1112,18
944;2020;3;31;16;13;10563,695;2020-03-01;137328,035
945;2020;3;44;9;3;131,75;2020-03-01;395,25
946;2020;3;72;17;1;54,6;2020-03-01;54,6
947;2020;3;72;16;8;678,785;2020-03-01;5430,28
948;2020;3;66;15;1;60,625;2020-03-01;60,625
949;2020;3;55;19;1;1168,215;2020-03-01;1168,215
950;2020;3;21;9;1;238,485;2020-03-01;238,485
951;2020;3;66;35;1;239,345;2020-03-01;239,345
952;2020;3;66;39;3;83,655;2020-03-01;250,965
953;2020;3;6;20;1;89,375;2020-03-01;89,375
954;2020;3;44;12;1;69,0;2020-03-01;69,0
955;2020;3;72;20;3;549,42;2020-03-01;1648,2599999999998
956;2020;3;72;14;2;786,335;2020-03-01;1572,67
957;2020;3;6;16;3;121,25;2020-03-01;363,75
958;2020;3;66;19;6;187,43;2020-03-01;1124,58
959;2020;3;62;27;1;58,0;2020-03-01;58,0
960;2020;3;21;12;1;40,14;2020-03-01;40,14
961;2020;3;55;42;1;1185,13;2020-03-01;1185,13
962;2020;3;31;20;5;536,175;2020-03-01;2680,875
963;2020;3;24;26;2;898,525;2020-03-01;1797,05
964;2020;3;21;20;1;30301,38;2020-03-01;30301,38
965;2020;3;66;57;4;382,055;2020-03-01;1528,22
966;2020;3;72;35;10;13514,96;2020-03-01;135149,59999999998
967;2020;3;31;52;1;81,5;2020-03-01;81,5
968;2020;3;55;37;1;170,48;2020-03-01;170,48
969;2020;3;54;20;1;292,65;2020-03-01;292,65
970;2020;3;66;9;4;119,385;2020-03-01;477,54
971;2020;3;78;25;1;50,0;2020-03-01;50,0
972;2020;3;66;20;4;170,835;2020-03-01;683,34
973;2020;3;44;13;3;138,0;2020-03-01;414,0
974;2020;3;72;47;1;1985,865;2020-03-01;1985,865
975;2020;3;72;12;8;352,665;2020-03-01;2821,32
976;2020;3;66;6;1;2006,845;2020-03-01;2006,845
977;2020;3;66;17;2;841,965;2020-03-01;1683,93
978;2020;3;31;12;1;271,915;2020-03-01;271,915
979;2020;3;66;16;6;176,985;2020-03-01;1061,91
980;2020;3;44;38;3;85,625;2020-03-01;256,875
981;2020;3;72;1;2;-1084,425;2020-03-01;-2168,85
982;2020;3;54;26;1;-61874,485;2020-03-01;-61874,485
983;2020;3;31;35;1;58,655;2020-03-01;58,655
984;2020;3;66;13;4;101,265;2020-03-01;405,06
985;2020;3;55;20;12;14403,96;2020-03-01;172847,52
986;2020;3;72;42;2;117,755;2020-03-01;235,51
987;2020;3;72;9;8;873,76;2020-03-01;6990,08
988;2020;3;44;42;1;73,75;2020-03-01;73,75
989;2020;3;55;35;1;919,965;2020-03-01;919,965
990;2020;3;55;58;2;234,56;2020-03-01;469,12
991;2020;3;31;38;2;93,75;2020-03-01;187,5
992;2020;3;66;14;5;270,525;2020-03-01;1352,625
993;2020;3;72;38;4;638,97;2020-03-01;2555,88
994;2020;3;77;20;2;17650,0;2020-03-01;35300,0
995;2020;3;72;13;6;311,055;2020-03-01;1866,33
996;2020;3;72;43;3;796,785;2020-03-01;2390,355
997;2020;3;31;13;1;289,915;2020-03-01;289,915
998;2020;3;23;1;1;659,53;2020-03-01;659,53
999;2020;3;44;17;2;85,0;2020-03-01;170,0
1000;2020;3;35;27;1;55,25;2020-03-01;55,25
1001;2020;3;6;12;8;374,87;2020-03-01;2998,96
1002;2020;3;44;16;4;145,54;2020-03-01;582,16
1003;2020;3;72;19;3;5741,105;2020-03-01;17223,315
1004;2020;3;21;17;1;50,0;2020-03-01;50,0
1005;2020;3;72;57;4;569,41;2020-03-01;2277,64
1006;2020;3;31;57;3;1062,59;2020-03-01;3187,7699999999995
1007;2020;3;75;27;1;50,005;2020-03-01;50,005
1008;2020;3;72;2;4;2333,305;2020-03-01;9333,22
1009;2020;4;21;20;3;819,64;2020-04-01;2458,92
1010;2020;4;72;59;2;232,42;2020-04-01;464,84
1011;2020;4;31;17;1;385,235;2020-04-01;385,235
1012;2020;4;31;9;2;73,75;2020-04-01;147,5
1013;2020;4;31;16;6;-925,155;2020-04-01;-5550,93
1014;2020;4;72;56;1;1300,865;2020-04-01;1300,865
1015;2020;4;72;35;7;-883,565;2020-04-01;-6184,955
1016;2020;4;72;16;12;6820,175;2020-04-01;81842,1
1017;2020;4;66;19;6;420,165;2020-04-01;2520,9900000000002
1018;2020;4;31;35;4;158,025;2020-04-01;632,1
1019;2020;4;64;16;2;177,655;2020-04-01;355,31
1020;2020;4;66;2;1;298,61;2020-04-01;298,61
1021;2020;4;55;20;10;6001,41;2020-04-01;60014,1
1022;2020;4;72;17;3;298,095;2020-04-01;894,2850000000001
1023;2020;4;31;52;1;130,75;2020-04-01;130,75
1024;2020;4;6;19;1;81,89;2020-04-01;81,89
1025;2020;4;13;16;1;192,465;2020-04-01;192,465
1026;2020;4;66;13;3;618,355;2020-04-01;1855,065
1027;2020;4;66;9;3;177,215;2020-04-01;531,645
1028;2020;4;21;2;1;61,015;2020-04-01;61,015
1029;2020;4;64;12;1;70,25;2020-04-01;70,25
1030;2020;4;78;25;1;50,0;2020-04-01;50,0
1031;2020;4;72;46;1;137,475;2020-04-01;137,475
1032;2020;4;66;43;2;131,25;2020-04-01;262,5
1033;2020;4;66;38;1;73,4;2020-04-01;73,4
1034;2020;4;72;12;8;473,25;2020-04-01;3786,0
1035;2020;4;6;16;2;127,955;2020-04-01;255,91
1036;2020;4;72;38;6;845,885;2020-04-01;5075,3099999999995
1037;2020;4;66;42;4;202,295;2020-04-01;809,18
1038;2020;4;72;9;5;999,835;2020-04-01;4999,175
1039;2020;4;44;19;1;73,75;2020-04-01;73,75
1040;2020;4;66;36;1;60,71;2020-04-01;60,71
1041;2020;4;64;26;2;201,78;2020-04-01;403,56
1042;2020;4;44;27;2;2328,225;2020-04-01;4656,45
1043;2020;4;66;1;1;71,42;2020-04-01;71,42
1044;2020;4;19;26;1;-34795,89;2020-04-01;-34795,89
1045;2020;4;44;13;1;108,145;2020-04-01;108,145
1046;2020;4;66;57;1;179,8;2020-04-01;179,8
1047;2020;4;31;13;1;72,5;2020-04-01;72,5
1048;2020;4;66;46;1;90,9;2020-04-01;90,9
1049;2020;4;66;39;1;139,03;2020-04-01;139,03
1050;2020;4;72;14;1;111,59;2020-04-01;111,59
1051;2020;4;21;25;1;50,0;2020-04-01;50,0
1052;2020;4;66;17;6;112,36;2020-04-01;674,16
1053;2020;4;44;42;2;118,895;2020-04-01;237,79
1054;2020;4;83;2;1;27,845;2020-04-01;27,845
1055;2020;4;72;13;4;527,38;2020-04-01;2109,52
1056;2020;4;31;39;1;112,5;2020-04-01;112,5
1057;2020;4;44;16;6;241,245;2020-04-01;1447,47
1058;2020;4;31;20;7;32513,05;2020-04-01;227591,35
1059;2020;4;72;2;17;5819,895;2020-04-01;98938,21500000001
1060;2020;4;44;12;5;720,13;2020-04-01;3600,65
1061;2020;4;6;12;2;407,415;2020-04-01;814,83
1062;2020;4;44;52;1;73,75;2020-04-01;73,75
1063;2020;4;72;57;5;750,31;2020-04-01;3751,5499999999997
1064;2020;4;21;12;1;84,49;2020-04-01;84,49
1065;2020;4;44;9;2;115,25;2020-04-01;230,5
1066;2020;4;72;20;5;1743,215;2020-04-01;8716,074999999999
1067;2020;4;66;35;1;676,825;2020-04-01;676,825
1068;2020;4;31;2;2;2644,39;2020-04-01;5288,78
1069;2020;4;41;2;1;-531,705;2020-04-01;-531,705
1070;2020;4;72;19;3;2868,07;2020-04-01;8604,210000000001
1071;2020;4;31;12;4;3243,45;2020-04-01;12973,8
1072;2020;4;66;14;3;306,53;2020-04-01;919,5899999999999
1073;2020;4;31;19;1;349,045;2020-04-01;349,045
1074;2020;4;35;27;3;2994,425;2020-04-01;8983,275000000001
1075;2020;4;31;57;4;334,6;2020-04-01;1338,4
1076;2020;4;44;38;3;104,35;2020-04-01;313,04999999999995
1077;2020;4;66;16;10;476,64;2020-04-01;4766,4
1078;2020;5;66;36;1;127,195;2020-05-01;127,195
1079;2020;5;72;35;4;140,27;2020-05-01;561,08
1080;2020;5;55;20;2;357,55;2020-05-01;715,1
1081;2020;5;31;38;1;68,75;2020-05-01;68,75
1082;2020;5;44;46;1;66,95;2020-05-01;66,95
1083;2020;5;6;16;3;358,47;2020-05-01;1075,41
1084;2020;5;72;9;13;2257,735;2020-05-01;29350,555
1085;2020;5;44;17;2;112,235;2020-05-01;224,47
1086;2020;5;41;11;2;1683,675;2020-05-01;3367,35
1087;2020;5;31;35;2;18,605;2020-05-01;37,21
1088;2020;5;66;13;1;51,785;2020-05-01;51,785
1089;2020;5;72;15;2;142,035;2020-05-01;284,07
1090;2020;5;72;52;1;50,85;2020-05-01;50,85
1091;2020;5;66;57;8;649,7;2020-05-01;5197,6
1092;2020;5;6;37;1;50,0;2020-05-01;50,0
1093;2020;5;66;19;4;93,075;2020-05-01;372,3
1094;2020;5;55;27;2;209,54;2020-05-01;419,08
1095;2020;5;31;52;1;87,5;2020-05-01;87,5
1096;2020;5;66;43;2;115,14;2020-05-01;230,28
1097;2020;5;72;39;1;164,835;2020-05-01;164,835
1098;2020;5;64;16;2;1373,51;2020-05-01;2747,02
1099;2020;5;72;16;18;4986,765;2020-05-01;89761,77
1100;2020;5;31;57;5;12490,235;2020-05-01;62451,175
1101;2020;5;66;39;1;223,07;2020-05-01;223,07
1102;2020;5;66;2;3;279,76;2020-05-01;839,28
1103;2020;5;44;16;8;232,265;2020-05-01;1858,12
1104;2020;5;44;13;1;69,0;2020-05-01;69,0
1105;2020;5;6;12;8;354,315;2020-05-01;2834,52
1106;2020;5;55;37;1;368,425;2020-05-01;368,425
1107;2020;5;72;59;1;142,705;2020-05-01;142,705
1108;2020;5;72;57;12;8011,595;2020-05-01;96139,14
1109;2020;5;31;16;6;-38800,745;2020-05-01;-232804,47000000003
1110;2020;5;31;12;3;58,365;2020-05-01;175,095
1111;2020;5;72;12;3;267,235;2020-05-01;801,705
1112;2020;5;64;18;1;68,555;2020-05-01;68,555
1113;2020;5;64;38;1;59,0;2020-05-01;59,0
1114;2020;5;66;1;1;738,555;2020-05-01;738,555
1115;2020;5;72;38;12;1133,495;2020-05-01;13601,939999999999
1116;2020;5;66;20;15;1189,07;2020-05-01;17836,05
1117;2020;5;72;42;1;71,615;2020-05-01;71,615
1118;2020;5;72;47;1;106,34;2020-05-01;106,34
1119;2020;5;66;38;8;940,89;2020-05-01;7527,12
1120;2020;5;72;20;6;2237,21;2020-05-01;13423,26
1121;2020;5;44;42;2;69,0;2020-05-01;138,0
1122;2020;5;77;20;1;11833,17;2020-05-01;11833,17
1123;2020;5;66;14;1;174,26;2020-05-01;174,26
1124;2020;5;21;35;1;-520,945;2020-05-01;-520,945
1125;2020;5;72;46;1;6929,495;2020-05-01;6929,495
1126;2020;5;35;27;1;50,0;2020-05-01;50,0
1127;2020;5;72;2;15;3186,785;2020-05-01;47801,774999999994
1128;2020;5;72;13;8;5403,43;2020-05-01;43227,44
1129;2020;5;78;25;1;50,0;2020-05-01;50,0
1130;2020;5;64;27;1;80,1;2020-05-01;80,1
1131;2020;5;44;39;1;82,59;2020-05-01;82,59
1132;2020;5;66;9;6;500,345;2020-05-01;3002,07
1133;2020;5;31;39;2;201,405;2020-05-01;402,81
1134;2020;5;44;27;5;126,0;2020-05-01;630,0
1135;2020;5;66;17;4;1673,675;2020-05-01;6694,7
1136;2020;5;66;46;2;988,405;2020-05-01;1976,81
1137;2020;5;72;1;2;323,49;2020-05-01;646,98
1138;2020;5;66;52;1;71,415;2020-05-01;71,415
1139;2020;5;66;15;1;53,73;2020-05-01;53,73
1140;2020;5;23;16;1;605,85;2020-05-01;605,85
1141;2020;5;72;44;1;842,79;2020-05-01;842,79
1142;2020;5;38;26;1;50,0;2020-05-01;50,0
1143;2020;5;31;20;5;7419,29;2020-05-01;37096,45
1144;2020;5;66;56;1;71,42;2020-05-01;71,42
1145;2020;5;44;38;2;73,885;2020-05-01;147,77
1146;2020;5;66;35;4;88,08;2020-05-01;352,32
1147;2020;5;66;16;36;4677,375;2020-05-01;168385,5
1148;2020;5;55;12;1;-1560,195;2020-05-01;-1560,195
1149;2020;5;44;12;4;1396,72;2020-05-01;5586,88
1150;2020;6;72;9;8;2515,305;2020-06-01;20122,44
1151;2020;6;79;19;1;506,455;2020-06-01;506,455
1152;2020;6;35;27;1;50,0;2020-06-01;50,0
1153;2020;6;72;43;2;3470,86;2020-06-01;6941,72
1154;2020;6;75;27;2;183,035;2020-06-01;366,07
1155;2020;6;31;57;7;7259,79;2020-06-01;50818,53
1156;2020;6;21;17;3;10117,84;2020-06-01;30353,52
1157;2020;6;13;18;1;130,235;2020-06-01;130,235
1158;2020;6;6;12;21;997,545;2020-06-01;20948,445
1159;2020;6;72;57;6;9042,19;2020-06-01;54253,14
1160;2020;6;66;14;1;120,915;2020-06-01;120,915
1161;2020;6;72;13;4;4151,53;2020-06-01;16606,12
1162;2020;6;6;22;1;112,5;2020-06-01;112,5
1163;2020;6;31;38;1;109,965;2020-06-01;109,965
1164;2020;6;75;37;1;120,96;2020-06-01;120,96
1165;2020;6;72;19;3;619,67;2020-06-01;1859,0099999999998
1166;2020;6;42;19;1;1033,605;2020-06-01;1033,605
1167;2020;6;64;27;5;50,0;2020-06-01;250,0
1168;2020;6;31;13;1;2692,645;2020-06-01;2692,645
1169;2020;6;72;38;13;1590,595;2020-06-01;20677,735
1170;2020;6;21;16;2;127,945;2020-06-01;255,89
1171;2020;6;31;18;1;163,545;2020-06-01;163,545
1172;2020;6;64;18;1;234,24;2020-06-01;234,24
1173;2020;6;66;13;3;541,64;2020-06-01;1624,92
1174;2020;6;31;35;2;170,1;2020-06-01;340,2
1175;2020;6;66;17;3;754,3;2020-06-01;2262,8999999999996
1176;2020;6;44;38;2;71,375;2020-06-01;142,75
1177;2020;6;6;26;2;162,5;2020-06-01;325,0
1178;2020;6;72;42;1;213,505;2020-06-01;213,505
1179;2020;6;23;57;1;92,805;2020-06-01;92,805
1180;2020;6;31;9;2;-987,585;2020-06-01;-1975,17
1181;2020;6;38;26;1;144,47;2020-06-01;144,47
1182;2020;6;72;35;10;422,815;2020-06-01;4228,15
1183;2020;6;55;20;9;39846,89;2020-06-01;358622,01
1184;2020;6;31;39;1;251,505;2020-06-01;251,505
1185;2020;6;44;16;7;315,62;2020-06-01;2209,34
1186;2020;6;31;42;1;593,83;2020-06-01;593,83
1187;2020;6;72;12;11;1235,6;2020-06-01;13591,599999999999
1188;2020;6;21;25;1;50,0;2020-06-01;50,0
1189;2020;6;66;20;10;826,59;2020-06-01;8265,9
1190;2020;6;68;27;3;50,03;2020-06-01;150,09
1191;2020;6;55;17;1;1133,135;2020-06-01;1133,135
1192;2020;6;72;59;1;145,7;2020-06-01;145,7
1193;2020;6;24;27;1;125,925;2020-06-01;125,925
1194;2020;6;75;22;5;461,125;2020-06-01;2305,625
1195;2020;6;72;52;2;2560,19;2020-06-01;5120,38
1196;2020;6;31;12;1;269,12;2020-06-01;269,12
1197;2020;6;72;39;1;62,35;2020-06-01;62,35
1198;2020;6;6;25;3;169,85;2020-06-01;509,54999999999995
1199;2020;6;66;18;4;78,795;2020-06-01;315,18
1200;2020;6;44;27;1;59,5;2020-06-01;59,5
1201;2020;6;21;2;1;48,04;2020-06-01;48,04
1202;2020;6;6;16;4;206,935;2020-06-01;827,74
1203;2020;6;66;38;3;334,375;2020-06-01;1003,125
1204;2020;6;55;19;2;2695,535;2020-06-01;5391,07
1205;2020;6;24;25;1;50,0;2020-06-01;50,0
1206;2020;6;78;25;1;50,0;2020-06-01;50,0
1207;2020;6;44;2;1;98,29;2020-06-01;98,29
1208;2020;6;66;19;7;541,59;2020-06-01;3791,13
1209;2020;6;41;11;4;1954,235;2020-06-01;7816,94
1210;2020;6;44;20;1;562,945;2020-06-01;562,945
1211;2020;6;66;57;8;738,67;2020-06-01;5909,36
1212;2020;6;6;37;5;50,0;2020-06-01;250,0
1213;2020;6;66;16;12;823,485;2020-06-01;9881,82
1214;2020;6;72;14;3;999,07;2020-06-01;2997,21
1215;2020;6;44;42;1;59,5;2020-06-01;59,5
1216;2020;6;6;2;1;504,185;2020-06-01;504,185
1217;2020;6;55;38;1;618,52;2020-06-01;618,52
1218;2020;6;72;44;1;1853,395;2020-06-01;1853,395
1219;2020;6;55;9;1;278,615;2020-06-01;278,615
1220;2020;6;23;16;1;232,52;2020-06-01;232,52
1221;2020;6;66;39;1;71,325;2020-06-01;71,325
1222;2020;6;72;20;8;5526,51;2020-06-01;44212,08
1223;2020;6;4;16;1;2825,015;2020-06-01;2825,015
1224;2020;6;55;35;1;145,38;2020-06-01;145,38
1225;2020;6;31;16;6;5610,91;2020-06-01;33665,46
1226;2020;6;62;22;3;95,5;2020-06-01;286,5
1227;2020;6;44;12;5;2419,175;2020-06-01;12095,875
1228;2020;6;31;20;9;14617,75;2020-06-01;131559,75
1229;2020;6;31;2;1;1026,23;2020-06-01;1026,23
1230;2020;6;72;16;12;2614,34;2020-06-01;31372,08
1231;2020;6;66;35;5;235,85;2020-06-01;1179,25
1232;2020;6;44;19;2;115,965;2020-06-01;231,93
1233;2020;6;21;9;2;1398,51;2020-06-01;2797,02
1234;2020;6;44;9;2;123,22;2020-06-01;246,44
1235;2020;6;31;17;2;97,505;2020-06-01;195,01
1236;2020;6;75;25;1;87,48;2020-06-01;87,48
1237;2020;6;66;9;5;188,505;2020-06-01;942,525
1238;2020;6;72;2;7;2250,24;2020-06-01;15751,679999999998
1239;2020;6;79;17;1;33,86;2020-06-01;33,86
1240;2020;6;66;42;1;72,36;2020-06-01;72,36
1241;2020;6;72;17;2;522,83;2020-06-01;1045,66
