;ano;mes;seguradora;vendedor;tot_apolices;receita;month_name;tot_vendas
0;2019;1;72;58;1;65,3;January;65,3
1;2019;1;72;57;4;1360,235;January;5440,94
2;2019;1;72;56;3;276,49;January;829,47
3;2019;1;72;47;2;-1707,095;January;-3414,19
4;2019;1;72;38;3;1080,745;January;3242,2349999999997
5;2019;1;72;35;2;446,095;January;892,19
6;2019;1;72;20;2;462,035;January;924,07
7;2019;1;72;17;1;139,395;January;139,395
8;2019;1;72;16;2;125,85;January;251,7
9;2019;1;72;14;2;126,785;January;253,57
10;2019;1;72;12;6;412,11;January;2472,66
11;2019;1;72;9;1;66,515;January;66,515
12;2019;1;72;2;3;631,265;January;1893,795
13;2019;1;72;1;1;155,67;January;155,67
14;2019;1;66;57;2;89,42;January;178,84
15;2019;1;66;56;1;90,9;January;90,9
16;2019;1;66;55;1;71,42;January;71,42
17;2019;1;66;38;5;265,21;January;1326,05
18;2019;1;66;20;1;71,42;January;71,42
19;2019;1;66;16;3;223,485;January;670,455
20;2019;1;66;14;2;642,53;January;1285,06
21;2019;1;66;1;1;71,42;January;71,42
22;2019;1;44;56;1;84,095;January;84,095
23;2019;1;44;42;1;81,8;January;81,8
24;2019;1;44;38;4;474,08;January;1896,32
25;2019;1;44;16;1;69,0;January;69,0
26;2019;1;44;14;1;69,0;January;69,0
27;2019;1;44;9;1;83,11;January;83,11
28;2019;1;55;20;1;1283,105;January;1283,105
29;2019;1;58;9;2;175,175;January;350,35
30;2019;1;23;20;1;110,8;January;110,8
31;2019;1;21;12;1;3225,78;January;3225,78
32;2019;2;21;16;1;395,995;February;395,995
33;2019;2;38;56;1;243,45;February;243,45
34;2019;2;23;20;1;110,25;February;110,25
35;2019;2;58;9;2;100,07;February;200,14
36;2019;2;43;17;1;243,265;February;243,265
37;2019;2;44;56;1;546,86;February;546,86
38;2019;2;44;42;2;76,31;February;152,62
39;2019;2;44;38;5;788,665;February;3943,325
40;2019;2;44;16;4;344,69;February;1378,76
41;2019;2;44;14;2;98,875;February;197,75
42;2019;2;44;12;4;352,765;February;1411,06
43;2019;2;44;9;2;100,015;February;200,03
44;2019;2;64;26;2;113,165;February;226,33
45;2019;2;31;57;1;810,835;February;810,835
46;2019;2;31;35;1;94,68;February;94,68
47;2019;2;31;20;1;880,185;February;880,185
48;2019;2;31;1;2;806,33;February;1612,66
49;2019;2;66;57;3;997,575;February;2992,7250000000004
50;2019;2;66;56;2;105,315;February;210,63
51;2019;2;66;47;1;71,42;February;71,42
52;2019;2;66;39;1;60,71;February;60,71
53;2019;2;66;38;8;506,76;February;4054,08
54;2019;2;66;35;3;289,81;February;869,4300000000001
55;2019;2;66;20;3;156,815;February;470,445
56;2019;2;66;19;5;264,65;February;1323,25
57;2019;2;66;18;1;92,985;February;92,985
58;2019;2;66;16;4;393,005;February;1572,02
59;2019;2;66;14;4;369,59;February;1478,36
60;2019;2;66;1;2;205,125;February;410,25
61;2019;2;72;57;8;3043,035;February;24344,28
62;2019;2;72;56;8;1198,175;February;9585,4
63;2019;2;72;47;5;503,455;February;2517,275
64;2019;2;72;46;1;104,27;February;104,27
65;2019;2;72;42;2;2521,845;February;5043,69
66;2019;2;72;41;3;394,86;February;1184,58
67;2019;2;72;39;2;932,205;February;1864,41
68;2019;2;72;38;10;2750,97;February;27509,699999999997
69;2019;2;72;35;4;503,985;February;2015,94
70;2019;2;72;20;3;1111,17;February;3333,51
71;2019;2;72;18;1;220,06;February;220,06
72;2019;2;72;16;7;1714,765;February;12003,355000000001
73;2019;2;72;14;8;4534,645;February;36277,16
74;2019;2;72;12;13;772,495;February;10042,435
75;2019;2;72;9;4;396,685;February;1586,74
76;2019;2;72;1;7;1748,59;February;12240,13
77;2019;3;72;56;2;-401,11;March;-802,22
78;2019;3;72;55;3;818,83;March;2456,4900000000002
79;2019;3;72;54;4;3250,915;March;13003,66
80;2019;3;72;53;1;72,95;March;72,95
81;2019;3;72;52;1;209,055;March;209,055
82;2019;3;72;47;5;636,58;March;3182,9
83;2019;3;72;46;2;302,815;March;605,63
84;2019;3;72;43;7;1099,06;March;7693,42
85;2019;3;72;39;1;67,0;March;67,0
86;2019;3;72;38;2;418,8;March;837,6
87;2019;3;72;20;3;2386,4;March;7159,200000000001
88;2019;3;72;17;1;381,35;March;381,35
89;2019;3;72;16;10;4084,53;March;40845,3
90;2019;3;72;14;3;516,385;March;1549,155
91;2019;3;72;12;8;4315,47;March;34523,76
92;2019;3;72;9;5;1033,19;March;5165,950000000001
93;2019;3;72;1;5;1760,055;March;8800,275
94;2019;3;66;57;4;564,665;March;2258,66
95;2019;3;66;56;5;242,605;March;1213,0249999999999
96;2019;3;66;55;1;105,74;March;105,74
97;2019;3;66;52;1;86,055;March;86,055
98;2019;3;66;46;6;230,11;March;1380,66
99;2019;3;66;43;1;65,91;March;65,91
100;2019;3;66;39;1;64,99;March;64,99
101;2019;3;66;38;7;1566,755;March;10967,285
102;2019;3;66;19;1;79,725;March;79,725
103;2019;3;66;17;3;164,915;March;494,745
104;2019;3;66;16;4;162,05;March;648,2
105;2019;3;66;14;4;518,18;March;2072,72
106;2019;3;66;13;1;169,01;March;169,01
107;2019;3;66;2;1;87,17;March;87,17
108;2019;3;66;1;5;706,425;March;3532,125
109;2019;3;31;57;1;187,825;March;187,825
110;2019;3;31;54;1;122,045;March;122,045
111;2019;3;31;20;1;2182,525;March;2182,525
112;2019;3;31;12;1;3419,16;March;3419,16
113;2019;3;31;9;1;255,875;March;255,875
114;2019;3;64;57;1;75,0;March;75,0
115;2019;3;64;16;1;104,23;March;104,23
116;2019;3;83;56;1;57,77;March;57,77
117;2019;3;81;54;1;102,7;March;102,7
118;2019;3;81;20;1;2002,635;March;2002,635
119;2019;3;44;56;2;561,495;March;1122,99
120;2019;3;44;42;3;142,405;March;427,21500000000003
121;2019;3;44;38;7;170,985;March;1196,895
122;2019;3;44;35;2;69,0;March;138,0
123;2019;3;44;16;5;186,1;March;930,5
124;2019;3;44;12;7;185,885;March;1301,195
125;2019;3;44;9;1;69,0;March;69,0
126;2019;3;43;56;1;79,255;March;79,255
127;2019;3;58;9;2;100,07;March;200,14
128;2019;3;23;20;1;110,25;March;110,25
129;2019;3;55;20;2;411,955;March;823,91
130;2019;3;42;59;1;101,845;March;101,845
131;2019;3;21;20;5;1381,1;March;6905,5
132;2019;3;13;57;1;146,975;March;146,975
133;2019;4;21;20;2;522,985;April;1045,97
134;2019;4;55;20;3;3119,31;April;9357,93
135;2019;4;55;19;1;270,655;April;270,655
136;2019;4;23;16;2;175,37;April;350,74
137;2019;4;43;56;1;79,255;April;79,255
138;2019;4;44;56;1;173,46;April;173,46
139;2019;4;44;54;1;542,175;April;542,175
140;2019;4;44;42;4;100,465;April;401,86
141;2019;4;44;38;15;1601,595;April;24023,925
142;2019;4;44;35;1;59,5;April;59,5
143;2019;4;44;17;1;59,0;April;59,0
144;2019;4;44;16;3;111,75;April;335,25
145;2019;4;44;12;7;257,275;April;1800,9249999999997
146;2019;4;44;9;4;137,185;April;548,74
147;2019;4;83;56;1;57,77;April;57,77
148;2019;4;64;57;2;146,1;April;292,2
149;2019;4;64;26;6;1669,51;April;10017,06
150;2019;4;64;16;1;394,815;April;394,815
151;2019;4;31;56;2;1233,775;April;2467,55
152;2019;4;31;12;1;3419,16;April;3419,16
153;2019;4;31;9;1;87,5;April;87,5
154;2019;4;66;58;1;58,61;April;58,61
155;2019;4;66;57;2;93,18;April;186,36
156;2019;4;66;56;16;1268,605;April;20297,68
157;2019;4;66;55;2;111,45;April;222,9
158;2019;4;66;54;1;70,52;April;70,52
159;2019;4;66;52;1;113,815;April;113,815
160;2019;4;66;41;1;286,795;April;286,795
161;2019;4;66;38;5;1268,66;April;6343,3
162;2019;4;66;20;2;520,37;April;1040,74
163;2019;4;66;19;1;97,6;April;97,6
164;2019;4;66;16;6;452,685;April;2716,11
165;2019;4;66;14;7;1980,64;April;13864,480000000001
166;2019;4;66;1;2;177,54;April;355,08
167;2019;4;72;58;1;325,62;April;325,62
168;2019;4;72;57;5;381,14;April;1905,6999999999998
169;2019;4;72;56;16;1602,375;April;25638,0
170;2019;4;72;55;1;487,06;April;487,06
171;2019;4;72;54;6;4437,425;April;26624,550000000003
172;2019;4;72;52;1;234,125;April;234,125
173;2019;4;72;47;5;234,245;April;1171,225
174;2019;4;72;46;1;225,065;April;225,065
175;2019;4;72;43;3;284,92;April;854,76
176;2019;4;72;42;2;111,715;April;223,43
177;2019;4;72;41;1;651,81;April;651,81
178;2019;4;72;39;1;6269,195;April;6269,195
179;2019;4;72;38;15;6013,9;April;90208,5
180;2019;4;72;35;3;284,88;April;854,64
181;2019;4;72;20;2;725,55;April;1451,1
182;2019;4;72;19;11;5873,685;April;64610,535
183;2019;4;72;16;9;3636,405;April;32727,645
184;2019;4;72;14;8;5634,165;April;45073,32
185;2019;4;72;12;9;5312,975;April;47816,775
186;2019;4;72;9;2;152,21;April;304,42
187;2019;4;72;1;4;1095,23;April;4380,92
188;2019;5;72;59;2;115,81;May;231,62
189;2019;5;72;57;1;94,59;May;94,59
190;2019;5;72;56;2;1767,72;May;3535,44
191;2019;5;72;55;1;487,06;May;487,06
192;2019;5;72;54;5;3273,49;May;16367,449999999999
193;2019;5;72;47;1;56,375;May;56,375
194;2019;5;72;43;2;457,345;May;914,69
195;2019;5;72;38;4;624,355;May;2497,42
196;2019;5;72;20;1;430,545;May;430,545
197;2019;5;72;19;7;4823,11;May;33761,77
198;2019;5;72;17;7;1266,63;May;8866,41
199;2019;5;72;16;5;1843,695;May;9218,475
200;2019;5;72;14;7;1648,115;May;11536,805
201;2019;5;72;12;10;1133,035;May;11330,35
202;2019;5;72;9;2;284,885;May;569,77
203;2019;5;72;1;2;710,345;May;1420,69
204;2019;5;66;58;1;361,155;May;361,155
205;2019;5;66;57;3;107,415;May;322,245
206;2019;5;66;56;6;695,255;May;4171,53
207;2019;5;66;55;4;67,74;May;270,96
208;2019;5;66;54;2;1026,33;May;2052,66
209;2019;5;66;52;2;284,555;May;569,11
210;2019;5;66;47;2;161,875;May;323,75
211;2019;5;66;44;1;87,475;May;87,475
212;2019;5;66;43;1;89,185;May;89,185
213;2019;5;66;42;1;162,96;May;162,96
214;2019;5;66;38;2;177,175;May;354,35
215;2019;5;66;20;5;372,065;May;1860,325
216;2019;5;66;19;11;540,59;May;5946,490000000001
217;2019;5;66;17;1;71,42;May;71,42
218;2019;5;66;16;8;370,93;May;2967,44
219;2019;5;66;14;10;678,465;May;6784,650000000001
220;2019;5;66;1;3;238,88;May;716,64
221;2019;5;31;57;6;4430,165;May;26580,989999999998
222;2019;5;31;26;1;-4622,065;May;-4622,065
223;2019;5;31;16;2;2369,195;May;4738,39
224;2019;5;31;12;3;5040,75;May;15122,25
225;2019;5;31;1;1;108,4;May;108,4
226;2019;5;64;57;5;294,575;May;1472,875
227;2019;5;64;16;3;450,53;May;1351,59
228;2019;5;83;42;1;60,385;May;60,385
229;2019;5;81;54;1;82,06;May;82,06
230;2019;5;44;58;1;82,86;May;82,86
231;2019;5;44;54;7;807,045;May;5649,315
232;2019;5;44;42;4;227,83;May;911,32
233;2019;5;44;39;1;61,875;May;61,875
234;2019;5;44;38;13;689,555;May;8964,215
235;2019;5;44;35;1;75,0;May;75,0
236;2019;5;44;17;1;41,0;May;41,0
237;2019;5;44;16;4;952,825;May;3811,3
238;2019;5;44;14;1;2161,05;May;2161,05
239;2019;5;44;12;7;929,11;May;6503,77
240;2019;5;44;9;7;451,305;May;3159,135
241;2019;5;43;56;1;79,255;May;79,255
242;2019;5;23;56;1;566,35;May;566,35
243;2019;5;21;54;1;-171,935;May;-171,935
244;2019;5;21;20;3;597,11;May;1791,33
245;2019;5;19;54;1;330,865;May;330,865
246;2019;6;19;54;1;330,865;June;330,865
247;2019;6;42;20;1;234,005;June;234,005
248;2019;6;21;20;4;678,315;June;2713,26
249;2019;6;21;16;1;60,365;June;60,365
250;2019;6;13;18;1;314,14;June;314,14
251;2019;6;13;16;1;224,565;June;224,565
252;2019;6;23;56;1;153,295;June;153,295
253;2019;6;43;56;2;97,895;June;195,79
254;2019;6;55;57;1;4963,17;June;4963,17
255;2019;6;55;20;5;6644,87;June;33224,35
256;2019;6;44;56;3;3542,07;June;10626,210000000001
257;2019;6;44;42;1;61,875;June;61,875
258;2019;6;44;39;2;75,275;June;150,55
259;2019;6;44;38;5;178,895;June;894,475
260;2019;6;44;20;1;78,485;June;78,485
261;2019;6;44;16;5;344,415;June;1722,075
262;2019;6;44;15;1;520,705;June;520,705
263;2019;6;44;14;8;300,69;June;2405,52
264;2019;6;44;12;5;181,6;June;908,0
265;2019;6;44;9;3;139,74;June;419,22
266;2019;6;81;54;1;115,085;June;115,085
267;2019;6;83;56;1;57,77;June;57,77
268;2019;6;83;42;1;60,385;June;60,385
269;2019;6;64;57;2;220,85;June;441,7
270;2019;6;64;16;1;394,815;June;394,815
271;2019;6;31;57;3;314,825;June;944,4749999999999
272;2019;6;31;56;1;810,42;June;810,42
273;2019;6;31;38;1;675,28;June;675,28
274;2019;6;31;16;1;240,65;June;240,65
275;2019;6;31;12;1;163,51;June;163,51
276;2019;6;31;9;1;127,785;June;127,785
277;2019;6;66;57;9;909,48;June;8185,32
278;2019;6;66;56;5;308,24;June;1541,2
279;2019;6;66;55;6;115,155;June;690,9300000000001
280;2019;6;66;54;1;382,205;June;382,205
281;2019;6;66;46;1;76,825;June;76,825
282;2019;6;66;43;1;100,06;June;100,06
283;2019;6;66;42;3;210,96;June;632,88
284;2019;6;66;38;5;1244,415;June;6222,075
285;2019;6;66;20;11;410,665;June;4517,3150000000005
286;2019;6;66;19;11;1066,66;June;11733,26
287;2019;6;66;16;4;315,645;June;1262,58
288;2019;6;66;14;1;88,84;June;88,84
289;2019;6;66;2;1;75,0;June;75,0
290;2019;6;66;1;2;594,02;June;1188,04
291;2019;6;72;59;2;92,84;June;185,68
292;2019;6;72;57;4;1837,075;June;7348,3
293;2019;6;72;56;11;14808,835;June;162897,185
294;2019;6;72;55;3;1977,6;June;5932,799999999999
295;2019;6;72;54;3;2641,08;June;7923,24
296;2019;6;72;47;3;232,84;June;698,52
297;2019;6;72;46;1;225,065;June;225,065
298;2019;6;72;43;5;364,735;June;1823,6750000000002
299;2019;6;72;42;2;371,19;June;742,38
300;2019;6;72;41;1;457,815;June;457,815
301;2019;6;72;39;1;621,07;June;621,07
302;2019;6;72;38;1;199,645;June;199,645
303;2019;6;72;35;4;581,96;June;2327,84
304;2019;6;72;20;1;90,16;June;90,16
305;2019;6;72;19;5;1601,285;June;8006,425
306;2019;6;72;17;2;553,31;June;1106,62
307;2019;6;72;16;17;4668,9;June;79371,29999999999
308;2019;6;72;14;10;2275,985;June;22759,850000000002
309;2019;6;72;12;14;2543,39;June;35607,46
310;2019;6;72;9;4;750,885;June;3003,54
311;2019;6;72;1;2;673,84;June;1347,68
312;2019;7;72;59;1;100,24;July;100,24
313;2019;7;72;57;13;2716,105;July;35309,365
314;2019;7;72;56;6;476,93;July;2861,58
315;2019;7;72;54;2;518,665;July;1037,33
316;2019;7;72;47;2;246,29;July;492,58
317;2019;7;72;46;1;225,065;July;225,065
318;2019;7;72;43;3;1000,52;July;3001,56
319;2019;7;72;42;3;251,515;July;754,545
320;2019;7;72;41;2;2633,815;July;5267,63
321;2019;7;72;39;2;990,6;July;1981,2
322;2019;7;72;38;15;2004,27;July;30064,05
323;2019;7;72;35;11;928,035;July;10208,385
324;2019;7;72;20;5;3858,925;July;19294,625
325;2019;7;72;19;2;678,34;July;1356,68
326;2019;7;72;18;2;-705,945;July;-1411,89
327;2019;7;72;17;1;453,58;July;453,58
328;2019;7;72;16;12;3043,705;July;36524,46
329;2019;7;72;14;15;5740,98;July;86114,7
330;2019;7;72;12;12;231,945;July;2783,34
331;2019;7;72;9;1;62,75;July;62,75
332;2019;7;72;2;3;377,235;July;1131,705
333;2019;7;72;1;2;252,37;July;504,74
334;2019;7;66;59;1;71,42;July;71,42
335;2019;7;66;58;2;86,535;July;173,07
336;2019;7;66;57;5;341,745;July;1708,725
337;2019;7;66;56;11;544,595;July;5990,545
338;2019;7;66;55;5;165,325;July;826,625
339;2019;7;66;54;2;499,5;July;999,0
340;2019;7;66;52;1;123,65;July;123,65
341;2019;7;66;43;1;94,145;July;94,145
342;2019;7;66;42;3;617,605;July;1852,815
343;2019;7;66;39;1;153,21;July;153,21
344;2019;7;66;38;5;989,715;July;4948,575
345;2019;7;66;35;12;233,08;July;2796,96
346;2019;7;66;20;6;963,985;July;5783,91
347;2019;7;66;19;6;262,655;July;1575,9299999999998
348;2019;7;66;17;3;449,58;July;1348,74
349;2019;7;66;16;17;1452,33;July;24689,61
350;2019;7;66;14;4;533,73;July;2134,92
351;2019;7;66;6;1;13704,52;July;13704,52
352;2019;7;66;1;3;129,71;July;389,13
353;2019;7;31;56;1;981,415;July;981,415
354;2019;7;31;54;2;2892,38;July;5784,76
355;2019;7;31;47;1;828,81;July;828,81
356;2019;7;31;39;1;136,89;July;136,89
357;2019;7;31;35;2;-901,49;July;-1802,98
358;2019;7;31;16;3;1719,895;July;5159,6849999999995
359;2019;7;31;9;3;162,5;July;487,5
360;2019;7;64;57;2;185,355;July;370,71
361;2019;7;64;26;3;1717,98;July;5153,9400000000005
362;2019;7;64;16;3;535,085;July;1605,255
363;2019;7;83;54;1;612,55;July;612,55
364;2019;7;83;42;2;72,035;July;144,07
365;2019;7;83;16;1;-68,465;July;-68,465
366;2019;7;74;2;1;58,35;July;58,35
367;2019;7;44;56;2;97,5;July;195,0
368;2019;7;44;54;3;416,93;July;1250,79
369;2019;7;44;47;1;100,0;July;100,0
370;2019;7;44;43;1;155,43;July;155,43
371;2019;7;44;42;8;377,44;July;3019,52
372;2019;7;44;39;1;61,875;July;61,875
373;2019;7;44;38;15;456,79;July;6851,85
374;2019;7;44;17;1;72,5;July;72,5
375;2019;7;44;16;8;372,3;July;2978,4
376;2019;7;44;14;7;240,425;July;1682,9750000000001
377;2019;7;44;13;1;150,0;July;150,0
378;2019;7;44;12;5;342,94;July;1714,7
379;2019;7;44;9;3;314,71;July;944,1299999999999
380;2019;7;55;57;1;2506,585;July;2506,585
381;2019;7;55;20;1;174,565;July;174,565
382;2019;7;23;9;1;300,76;July;300,76
383;2019;7;13;57;1;110,3;July;110,3
384;2019;7;13;16;1;250,51;July;250,51
385;2019;7;21;20;2;258,145;July;516,29
386;2019;7;42;58;1;219,05;July;219,05
387;2019;7;19;54;1;388,785;July;388,785
388;2019;8;19;54;1;388,785;August;388,785
389;2019;8;19;13;1;335,625;August;335,625
390;2019;8;21;16;1;159,54;August;159,54
391;2019;8;6;12;1;-137,08;August;-137,08
392;2019;8;23;16;1;2201,69;August;2201,69
393;2019;8;43;17;1;130,93;August;130,93
394;2019;8;54;42;1;1031,16;August;1031,16
395;2019;8;75;22;1;87,5;August;87,5
396;2019;8;62;22;1;318,28;August;318,28
397;2019;8;55;20;1;1229,275;August;1229,275
398;2019;8;55;19;1;8396,83;August;8396,83
399;2019;8;44;42;6;308,765;August;1852,59
400;2019;8;44;38;5;275,635;August;1378,175
401;2019;8;44;35;1;61,875;August;61,875
402;2019;8;44;16;8;237,575;August;1900,6
403;2019;8;44;14;5;168,75;August;843,75
404;2019;8;44;12;4;162,77;August;651,08
405;2019;8;44;9;2;97,5;August;195,0
406;2019;8;44;2;1;69,0;August;69,0
407;2019;8;44;1;1;130,78;August;130,78
408;2019;8;74;20;2;1627,375;August;3254,75
409;2019;8;77;20;1;2329,63;August;2329,63
410;2019;8;81;47;3;172,4;August;517,2
411;2019;8;83;54;1;612,56;August;612,56
412;2019;8;83;42;1;89,955;August;89,955
413;2019;8;64;57;1;604,7;August;604,7
414;2019;8;64;26;1;1334,875;August;1334,875
415;2019;8;64;16;1;97,115;August;97,115
416;2019;8;31;57;5;2434,175;August;12170,875
417;2019;8;31;39;1;68,75;August;68,75
418;2019;8;31;38;3;1129,04;August;3387,12
419;2019;8;31;35;6;4350,955;August;26105,73
420;2019;8;31;16;7;4139,555;August;28976,885000000002
421;2019;8;31;14;1;210,17;August;210,17
422;2019;8;66;59;3;53,68;August;161,04
423;2019;8;66;58;1;82,87;August;82,87
424;2019;8;66;57;7;958,185;August;6707,295
425;2019;8;66;56;6;572,185;August;3433,1099999999997
426;2019;8;66;55;1;71,415;August;71,415
427;2019;8;66;47;2;121,835;August;243,67
428;2019;8;66;44;1;98,215;August;98,215
429;2019;8;66;43;8;1084,645;August;8677,16
430;2019;8;66;39;1;77,005;August;77,005
431;2019;8;66;38;5;332,2;August;1661,0
432;2019;8;66;35;6;320,61;August;1923,66
433;2019;8;66;20;4;165,665;August;662,66
434;2019;8;66;19;20;2017,99;August;40359,8
435;2019;8;66;17;1;146,43;August;146,43
436;2019;8;66;16;8;822,7;August;6581,6
437;2019;8;66;14;7;560,98;August;3926,86
438;2019;8;66;9;2;204,795;August;409,59
439;2019;8;66;2;7;344,87;August;2414,09
440;2019;8;66;1;1;488,505;August;488,505
441;2019;8;72;59;5;1160,47;August;5802,35
442;2019;8;72;56;9;3789,495;August;34105,455
443;2019;8;72;54;1;165,34;August;165,34
444;2019;8;72;47;3;1150,075;August;3450,2250000000004
445;2019;8;72;43;6;687,795;August;4126,7699999999995
446;2019;8;72;42;5;1152,795;August;5763,975
447;2019;8;72;41;5;1204,66;August;6023,3
448;2019;8;72;38;5;642,175;August;3210,875
449;2019;8;72;35;7;-515,955;August;-3611,6850000000004
450;2019;8;72;20;3;2650,24;August;7950,719999999999
451;2019;8;72;19;3;819,595;August;2458,785
452;2019;8;72;16;15;4600,555;August;69008,32500000001
453;2019;8;72;14;8;2642,67;August;21141,36
454;2019;8;72;13;1;90,195;August;90,195
455;2019;8;72;12;22;1203,275;August;26472,050000000003
456;2019;8;72;9;3;1237,475;August;3712,4249999999997
457;2019;8;72;2;4;150,45;August;601,8
458;2019;8;72;1;1;289,75;August;289,75
459;2019;9;72;59;4;178,205;September;712,82
460;2019;9;72;57;1;245,15;September;245,15
461;2019;9;72;56;1;349,15;September;349,15
462;2019;9;72;47;1;362,145;September;362,145
463;2019;9;72;43;2;285,625;September;571,25
464;2019;9;72;42;1;119,145;September;119,145
465;2019;9;72;39;2;283,46;September;566,92
466;2019;9;72;38;3;1917,585;September;5752,755
467;2019;9;72;17;2;266,29;September;532,58
468;2019;9;72;16;8;4005,715;September;32045,72
469;2019;9;72;15;1;261,175;September;261,175
470;2019;9;72;14;7;3294,63;September;23062,41
471;2019;9;72;12;7;912,035;September;6384,245
472;2019;9;72;9;3;382,33;September;1146,99
473;2019;9;72;2;3;1297,45;September;3892,3500000000004
474;2019;9;66;57;5;797,215;September;3986,0750000000003
475;2019;9;66;56;4;158,615;September;634,46
476;2019;9;66;55;3;311,84;September;935,52
477;2019;9;66;44;2;209,445;September;418,89
478;2019;9;66;43;1;150,19;September;150,19
479;2019;9;66;42;1;289,705;September;289,705
480;2019;9;66;39;4;687,2;September;2748,8
481;2019;9;66;38;1;60,71;September;60,71
482;2019;9;66;35;1;108,935;September;108,935
483;2019;9;66;20;6;306,545;September;1839,27
484;2019;9;66;19;20;2330,84;September;46616,8
485;2019;9;66;16;17;936,64;September;15922,88
486;2019;9;66;14;3;291,235;September;873,705
487;2019;9;66;9;3;348,13;September;1044,3899999999999
488;2019;9;66;1;2;348,825;September;697,65
489;2019;9;31;57;3;718,2;September;2154,6000000000004
490;2019;9;31;38;3;1133,13;September;3399,3900000000003
491;2019;9;31;35;3;6252,6;September;18757,800000000003
492;2019;9;31;16;3;1302,7;September;3908,1000000000004
493;2019;9;31;9;5;233,235;September;1166,1750000000002
494;2019;9;64;57;1;327,35;September;327,35
495;2019;9;64;26;2;455,385;September;910,77
496;2019;9;64;16;2;246,85;September;493,7
497;2019;9;83;54;1;612,56;September;612,56
498;2019;9;83;42;1;73,3;September;73,3
499;2019;9;77;20;1;2319,855;September;2319,855
500;2019;9;44;59;1;71,25;September;71,25
501;2019;9;44;57;1;200,94;September;200,94
502;2019;9;44;54;1;100,0;September;100,0
503;2019;9;44;42;10;518,485;September;5184,85
504;2019;9;44;39;1;61,875;September;61,875
505;2019;9;44;38;6;444,77;September;2668,62
506;2019;9;44;17;3;118,875;September;356,625
507;2019;9;44;16;9;839,765;September;7557,885
508;2019;9;44;14;1;74,19;September;74,19
509;2019;9;44;12;7;787,86;September;5515,02
510;2019;9;44;9;3;125,205;September;375,615
511;2019;9;55;20;1;479,22;September;479,22
512;2019;9;55;12;1;25766,23;September;25766,23
513;2019;9;62;22;1;2231,67;September;2231,67
514;2019;9;54;42;1;1031,16;September;1031,16
515;2019;9;23;16;1;2201,695;September;2201,695
516;2019;9;6;17;1;73,085;September;73,085
517;2019;9;21;57;1;3740,865;September;3740,865
518;2019;9;21;56;1;140,0;September;140,0
519;2019;9;21;20;1;404,565;September;404,565
520;2019;9;21;16;3;1493,14;September;4479,42
521;2019;9;19;13;1;337,045;September;337,045
522;2019;10;35;20;1;67,88;October;67,88
523;2019;10;21;20;1;76,75;October;76,75
524;2019;10;21;16;1;50,0;October;50,0
525;2019;10;13;16;1;86,775;October;86,775
526;2019;10;54;42;1;1031,16;October;1031,16
527;2019;10;56;17;1;279,66;October;279,66
528;2019;10;55;20;2;4914,39;October;9828,78
529;2019;10;44;54;1;1234,12;October;1234,12
530;2019;10;44;42;3;113,85;October;341,54999999999995
531;2019;10;44;38;5;239,915;October;1199,575
532;2019;10;44;20;1;72,895;October;72,895
533;2019;10;44;16;12;3748,0;October;44976,0
534;2019;10;44;12;8;1134,19;October;9073,52
535;2019;10;44;9;6;231,51;October;1389,06
536;2019;10;83;54;1;612,56;October;612,56
537;2019;10;83;42;2;81,625;October;163,25
538;2019;10;64;57;1;327,35;October;327,35
539;2019;10;64;26;1;494,605;October;494,605
540;2019;10;64;22;1;67,63;October;67,63
541;2019;10;64;16;1;250,6;October;250,6
542;2019;10;31;42;1;110,26;October;110,26
543;2019;10;31;39;1;87,5;October;87,5
544;2019;10;31;38;1;75,0;October;75,0
545;2019;10;31;35;1;-1020,81;October;-1020,81
546;2019;10;31;16;3;2103,195;October;6309,585000000001
547;2019;10;31;14;1;140,465;October;140,465
548;2019;10;31;12;1;384,58;October;384,58
549;2019;10;66;58;1;236,75;October;236,75
550;2019;10;66;57;6;1861,2;October;11167,2
551;2019;10;66;56;2;238,075;October;476,15
552;2019;10;66;44;1;133,69;October;133,69
553;2019;10;66;43;1;62,31;October;62,31
554;2019;10;66;42;3;265,695;October;797,085
555;2019;10;66;39;2;98,595;October;197,19
556;2019;10;66;38;13;2429,15;October;31578,95
557;2019;10;66;20;6;460,19;October;2761,14
558;2019;10;66;19;4;244,895;October;979,58
559;2019;10;66;17;5;4314,595;October;21572,975000000002
560;2019;10;66;16;19;1080,66;October;20532,54
561;2019;10;66;14;2;227,44;October;454,88
562;2019;10;66;9;2;201,735;October;403,47
563;2019;10;72;59;1;284,205;October;284,205
564;2019;10;72;57;10;1791,745;October;17917,449999999997
565;2019;10;72;56;2;-175,285;October;-350,57
566;2019;10;72;55;2;77,76;October;155,52
567;2019;10;72;54;2;373,02;October;746,04
568;2019;10;72;44;3;1280,625;October;3841,875
569;2019;10;72;42;1;148,67;October;148,67
570;2019;10;72;41;1;237,14;October;237,14
571;2019;10;72;39;1;621,07;October;621,07
572;2019;10;72;38;11;1990,925;October;21900,175
573;2019;10;72;35;11;-447,08;October;-4917,88
574;2019;10;72;20;2;430,4;October;860,8
575;2019;10;72;16;24;7652,315;October;183655,56
576;2019;10;72;14;4;1464,57;October;5858,28
577;2019;10;72;12;16;1438,88;October;23022,08
578;2019;10;72;9;15;2990,31;October;44854,65
579;2019;10;72;2;4;401,535;October;1606,14
580;2019;10;72;1;2;1136,04;October;2272,08
581;2019;11;72;59;2;110,0;November;220,0
582;2019;11;72;57;5;1707,25;November;8536,25
583;2019;11;72;56;1;181,69;November;181,69
584;2019;11;72;52;1;788,215;November;788,215
585;2019;11;72;47;1;81,88;November;81,88
586;2019;11;72;42;1;94,87;November;94,87
587;2019;11;72;41;1;237,14;November;237,14
588;2019;11;72;38;8;1893,78;November;15150,24
589;2019;11;72;35;11;-3724,0;November;-40964,0
590;2019;11;72;20;1;106,22;November;106,22
591;2019;11;72;19;1;596,3;November;596,3
592;2019;11;72;16;11;1513,43;November;16647,73
593;2019;11;72;14;2;3150,74;November;6301,48
594;2019;11;72;12;15;947,585;November;14213,775000000001
595;2019;11;72;9;6;1019,3;November;6115,799999999999
596;2019;11;72;2;2;84,165;November;168,33
597;2019;11;72;1;3;2264,775;November;6794,325000000001
598;2019;11;66;59;1;71,42;November;71,42
599;2019;11;66;57;6;943,9;November;5663,4
600;2019;11;66;56;1;78,195;November;78,195
601;2019;11;66;55;1;153,05;November;153,05
602;2019;11;66;52;1;274,79;November;274,79
603;2019;11;66;43;4;431,72;November;1726,88
604;2019;11;66;39;3;263,87;November;791,61
605;2019;11;66;38;5;887,635;November;4438,175
606;2019;11;66;35;1;110,715;November;110,715
607;2019;11;66;20;5;989,525;November;4947,625
608;2019;11;66;19;5;1208,33;November;6041,65
609;2019;11;66;17;4;768,215;November;3072,86
610;2019;11;66;16;16;1511,31;November;24180,96
611;2019;11;66;14;1;71,42;November;71,42
612;2019;11;66;13;1;234,11;November;234,11
613;2019;11;66;9;5;374,285;November;1871,4250000000002
614;2019;11;66;2;1;72,99;November;72,99
615;2019;11;31;57;6;5044,25;November;30265,5
616;2019;11;31;52;1;87,5;November;87,5
617;2019;11;31;38;5;202,675;November;1013,375
618;2019;11;31;35;5;10779,65;November;53898,25
619;2019;11;31;16;3;5105,26;November;15315,78
620;2019;11;31;12;1;1144,005;November;1144,005
621;2019;11;64;27;1;625,95;November;625,95
622;2019;11;64;16;3;363,695;November;1091,085
623;2019;11;64;2;1;76,71;November;76,71
624;2019;11;77;20;1;2124,18;November;2124,18
625;2019;11;44;59;1;71,25;November;71,25
626;2019;11;44;42;1;61,875;November;61,875
627;2019;11;44;38;5;122,095;November;610,475
628;2019;11;44;20;1;112,5;November;112,5
629;2019;11;44;19;1;112,5;November;112,5
630;2019;11;44;16;8;73,61;November;588,88
631;2019;11;44;13;1;100,0;November;100,0
632;2019;11;44;12;8;417,445;November;3339,56
633;2019;11;44;9;3;121,25;November;363,75
634;2019;11;55;20;1;87,5;November;87,5
635;2019;11;55;11;1;67,25;November;67,25
636;2019;11;56;17;1;2955,675;November;2955,675
637;2019;11;62;22;2;206,085;November;412,17
638;2019;11;75;22;3;638,665;November;1915,995
639;2019;11;54;42;1;1031,16;November;1031,16
640;2019;11;23;20;1;172,91;November;172,91
641;2019;11;23;16;1;-31,875;November;-31,875
642;2019;11;24;22;1;86,0;November;86,0
643;2019;11;6;12;1;70,0;November;70,0
644;2019;11;21;17;1;74,675;November;74,675
645;2019;11;21;16;1;50,0;November;50,0
646;2019;12;21;16;1;87,33;December;87,33
647;2019;12;6;12;1;70,0;December;70,0
648;2019;12;13;16;2;184,935;December;369,87
649;2019;12;23;20;1;1896,435;December;1896,435
650;2019;12;75;22;1;87,5;December;87,5
651;2019;12;55;16;1;125950,595;December;125950,595
652;2019;12;44;38;17;532,885;December;9059,045
653;2019;12;44;35;4;101,44;December;405,76
654;2019;12;44;20;1;142,005;December;142,005
655;2019;12;44;16;5;292,395;December;1461,975
656;2019;12;44;12;3;1089,98;December;3269,94
657;2019;12;44;9;2;114,84;December;229,68
658;2019;12;77;20;1;8850,0;December;8850,0
659;2019;12;74;12;1;867,295;December;867,295
660;2019;12;79;2;1;125,165;December;125,165
661;2019;12;64;57;1;141,455;December;141,455
662;2019;12;64;16;2;1059,03;December;2118,06
663;2019;12;31;38;1;98,28;December;98,28
664;2019;12;31;35;2;7465,92;December;14931,84
665;2019;12;31;19;1;1501,965;December;1501,965
666;2019;12;31;16;3;12442,61;December;37327,83
667;2019;12;31;12;1;665,87;December;665,87
668;2019;12;31;9;1;646,69;December;646,69
669;2019;12;66;57;5;421,455;December;2107,275
670;2019;12;66;56;7;465,6;December;3259,2000000000003
671;2019;12;66;47;1;71,42;December;71,42
672;2019;12;66;43;4;175,11;December;700,44
673;2019;12;66;42;1;190,77;December;190,77
674;2019;12;66;39;2;53,45;December;106,9
675;2019;12;66;38;5;887,515;December;4437,575
676;2019;12;66;35;1;70,535;December;70,535
677;2019;12;66;20;4;1167,27;December;4669,08
678;2019;12;66;19;3;225,64;December;676,92
679;2019;12;66;17;5;1250,425;December;6252,125
680;2019;12;66;16;17;1782,145;December;30296,465
681;2019;12;66;9;3;374,73;December;1124,19
682;2019;12;66;1;1;334,41;December;334,41
683;2019;12;72;59;1;610,765;December;610,765
684;2019;12;72;57;5;926,755;December;4633,775
685;2019;12;72;56;2;407,055;December;814,11
686;2019;12;72;52;2;768,91;December;1537,82
687;2019;12;72;47;2;455,83;December;911,66
688;2019;12;72;43;3;357,005;December;1071,0149999999999
689;2019;12;72;39;1;1350,015;December;1350,015
690;2019;12;72;38;6;1433,985;December;8603,91
691;2019;12;72;20;2;1037,29;December;2074,58
692;2019;12;72;19;5;1508,355;December;7541,775
693;2019;12;72;17;1;418,485;December;418,485
694;2019;12;72;16;16;2665,065;December;42641,04
695;2019;12;72;14;1;216,67;December;216,67
696;2019;12;72;12;8;303,955;December;2431,64
697;2019;12;72;9;11;2610,515;December;28715,664999999997
698;2019;12;72;2;2;72,5;December;145,0
699;2020;1;72;59;1;486,79;January;486,79
700;2020;1;72;57;2;463,16;January;926,32
701;2020;1;72;56;2;661,87;January;1323,74
702;2020;1;72;55;1;397,87;January;397,87
703;2020;1;72;52;1;252,395;January;252,395
704;2020;1;72;47;3;1383,38;January;4150,14
705;2020;1;72;44;1;90,69;January;90,69
706;2020;1;72;42;2;520,82;January;1041,64
707;2020;1;72;41;2;673,37;January;1346,74
708;2020;1;72;38;7;1849,73;January;12948,11
709;2020;1;72;36;1;3824,2;January;3824,2
710;2020;1;72;19;1;1077,58;January;1077,58
711;2020;1;72;17;2;202,72;January;405,44
712;2020;1;72;16;9;1149,555;January;10345,995
713;2020;1;72;14;4;439,35;January;1757,4
714;2020;1;72;13;1;945,645;January;945,645
715;2020;1;72;12;17;7528,91;January;127991,47
716;2020;1;72;9;12;1684,595;January;20215,14
717;2020;1;72;2;2;241,445;January;482,89
718;2020;1;72;1;1;328,115;January;328,115
719;2020;1;66;59;1;71,385;January;71,385
720;2020;1;66;56;2;98,545;January;197,09
721;2020;1;66;52;1;113,765;January;113,765
722;2020;1;66;46;1;483,5;January;483,5
723;2020;1;66;42;1;71,42;January;71,42
724;2020;1;66;39;1;53,865;January;53,865
725;2020;1;66;38;8;797,855;January;6382,84
726;2020;1;66;36;1;82,33;January;82,33
727;2020;1;66;35;2;567,32;January;1134,64
728;2020;1;66;20;5;1358,155;January;6790,775
729;2020;1;66;19;9;390,88;January;3517,92
730;2020;1;66;17;9;782,365;January;7041,285
731;2020;1;66;16;13;1590,5;January;20676,5
732;2020;1;66;9;7;897,12;January;6279,84
733;2020;1;66;2;4;1873,98;January;7495,92
734;2020;1;31;42;2;1029,52;January;2059,04
735;2020;1;31;38;5;718,16;January;3590,7999999999997
736;2020;1;31;37;1;2252,31;January;2252,31
737;2020;1;31;35;2;4800,51;January;9601,02
738;2020;1;31;20;1;610,335;January;610,335
739;2020;1;31;16;6;4609,99;January;27659,94
740;2020;1;31;9;3;7526,37;January;22579,11
741;2020;1;79;2;1;125,165;January;125,165
742;2020;1;44;52;1;73,75;January;73,75
743;2020;1;44;42;2;73,75;January;147,5
744;2020;1;44;38;6;781,275;January;4687,65
745;2020;1;44;16;7;658,195;January;4607,365000000001
746;2020;1;44;12;3;130,535;January;391,605
747;2020;1;44;9;2;150,0;January;300,0
748;2020;1;55;20;4;1998,025;January;7992,1
749;2020;1;55;19;1;4204,635;January;4204,635
750;2020;1;23;20;1;70,78;January;70,78
751;2020;1;23;9;1;19380,075;January;19380,075
752;2020;1;13;57;1;89,36;January;89,36
753;2020;1;13;16;1;98,46;January;98,46
754;2020;1;6;12;1;30,0;January;30,0
755;2020;1;21;20;1;74,59;January;74,59
756;2020;1;42;56;1;207,48;January;207,48
757;2020;1;42;20;1;429,97;January;429,97
758;2020;2;21;16;2;158,82;February;317,64
759;2020;2;6;12;3;110,0;February;330,0
760;2020;2;13;16;1;122,12;February;122,12
761;2020;2;23;16;2;719,61;February;1439,22
762;2020;2;55;38;1;7450,595;February;7450,595
763;2020;2;55;35;1;79,625;February;79,625
764;2020;2;55;20;2;9491,795;February;18983,59
765;2020;2;55;12;1;196,805;February;196,805
766;2020;2;44;59;1;71,25;February;71,25
767;2020;2;44;56;1;138,8;February;138,8
768;2020;2;44;42;2;72,5;February;145,0
769;2020;2;44;38;3;250,11;February;750,33
770;2020;2;44;35;1;61,875;February;61,875
771;2020;2;44;20;1;112,5;February;112,5
772;2020;2;44;16;2;113,985;February;227,97
773;2020;2;44;12;4;163,335;February;653,34
774;2020;2;44;9;1;73,75;February;73,75
775;2020;2;79;2;1;125,165;February;125,165
776;2020;2;77;20;3;26450,0;February;79350,0
777;2020;2;31;57;3;4655,08;February;13965,24
778;2020;2;31;39;2;181,535;February;363,07
779;2020;2;31;38;1;-74,12;February;-74,12
780;2020;2;31;37;1;1151,155;February;1151,155
781;2020;2;31;35;4;7103,97;February;28415,88
782;2020;2;31;20;2;626,855;February;1253,71
783;2020;2;31;19;1;537,22;February;537,22
784;2020;2;31;18;1;2177,31;February;2177,31
785;2020;2;31;17;1;87,5;February;87,5
786;2020;2;31;16;4;7281,915;February;29127,66
787;2020;2;31;12;1;100,0;February;100,0
788;2020;2;31;9;1;781,21;February;781,21
789;2020;2;66;59;3;155,065;February;465,195
790;2020;2;66;57;2;92,82;February;185,64
791;2020;2;66;56;4;302,43;February;1209,72
792;2020;2;66;43;3;445,32;February;1335,96
793;2020;2;66;42;1;129,465;February;129,465
794;2020;2;66;38;4;827,445;February;3309,78
795;2020;2;66;36;1;64,28;February;64,28
796;2020;2;66;35;1;71,42;February;71,42
797;2020;2;66;20;6;529,24;February;3175,44
798;2020;2;66;19;9;732,26;February;6590,34
799;2020;2;66;17;3;397,325;February;1191,975
800;2020;2;66;16;9;353,56;February;3182,04
801;2020;2;66;14;4;717,86;February;2871,44
802;2020;2;66;13;1;71,43;February;71,43
803;2020;2;66;2;3;196,015;February;588,045
804;2020;2;72;59;5;569,96;February;2849,8
805;2020;2;72;57;6;296,08;February;1776,48
806;2020;2;72;56;2;2100,205;February;4200,41
807;2020;2;72;52;1;788,215;February;788,215
808;2020;2;72;47;1;103,555;February;103,555
809;2020;2;72;44;1;206,505;February;206,505
810;2020;2;72;42;2;411,105;February;822,21
811;2020;2;72;39;2;1962,01;February;3924,02
812;2020;2;72;38;7;3861,155;February;27028,085000000003
813;2020;2;72;36;3;652,655;February;1957,965
814;2020;2;72;35;1;344,79;February;344,79
815;2020;2;72;20;4;3664,315;February;14657,26
816;2020;2;72;19;9;2769,755;February;24927,795000000002
817;2020;2;72;17;3;226,505;February;679,515
818;2020;2;72;16;9;3350,935;February;30158,415
819;2020;2;72;15;2;1063,68;February;2127,36
820;2020;2;72;14;2;710,105;February;1420,21
821;2020;2;72;12;3;109,695;February;329,085
822;2020;2;72;9;1;158,29;February;158,29
823;2020;2;72;2;1;-5,125;February;-5,125
824;2020;3;72;57;3;433,045;March;1299,135
825;2020;3;72;47;1;78,84;March;78,84
826;2020;3;72;43;2;2387,42;March;4774,84
827;2020;3;72;38;5;549,445;March;2747,2250000000004
828;2020;3;72;36;1;204,22;March;204,22
829;2020;3;72;35;4;-2418,985;March;-9675,94
830;2020;3;72;20;5;1832,775;March;9163,875
831;2020;3;72;19;2;3441,7;March;6883,4
832;2020;3;72;16;5;209,565;March;1047,825
833;2020;3;72;14;2;310,745;March;621,49
834;2020;3;72;13;3;124,59;March;373,77
835;2020;3;72;12;5;307,1;March;1535,5
836;2020;3;72;9;9;797,24;March;7175,16
837;2020;3;72;2;2;1101,49;March;2202,98
838;2020;3;72;1;2;-941,865;March;-1883,73
839;2020;3;66;59;2;92,885;March;185,77
840;2020;3;66;58;1;100,97;March;100,97
841;2020;3;66;57;5;237,465;March;1187,325
842;2020;3;66;39;2;92,245;March;184,49
843;2020;3;66;38;1;65,48;March;65,48
844;2020;3;66;27;1;55,755;March;55,755
845;2020;3;66;20;3;219,745;March;659,235
846;2020;3;66;19;6;224,025;March;1344,15
847;2020;3;66;17;3;1128,865;March;3386,5950000000003
848;2020;3;66;16;7;397,71;March;2783,97
849;2020;3;66;14;3;181,045;March;543,135
850;2020;3;66;13;1;71,42;March;71,42
851;2020;3;66;9;2;103,53;March;207,06
852;2020;3;66;6;1;2006,845;March;2006,845
853;2020;3;31;57;4;3169,1;March;12676,4
854;2020;3;31;52;1;87,5;March;87,5
855;2020;3;31;42;2;1978,44;March;3956,88
856;2020;3;31;38;1;217,165;March;217,165
857;2020;3;31;35;3;20509,535;March;61528,604999999996
858;2020;3;31;20;1;366,875;March;366,875
859;2020;3;31;19;1;106,745;March;106,745
860;2020;3;31;16;34;6324,06;March;215018,04
861;2020;3;31;14;1;2199,57;March;2199,57
862;2020;3;31;12;1;488,235;March;488,235
863;2020;3;31;9;1;739,005;March;739,005
864;2020;3;83;20;1;82,575;March;82,575
865;2020;3;44;59;3;116,25;March;348,75
866;2020;3;44;56;1;89,52;March;89,52
867;2020;3;44;42;1;73,75;March;73,75
868;2020;3;44;38;6;122,875;March;737,25
869;2020;3;44;20;1;68,75;March;68,75
870;2020;3;44;19;1;73,75;March;73,75
871;2020;3;44;17;1;67,5;March;67,5
872;2020;3;44;16;5;-372,61;March;-1863,0500000000002
873;2020;3;44;13;1;112,5;March;112,5
874;2020;3;44;12;3;121,25;March;363,75
875;2020;3;44;9;1;73,75;March;73,75
876;2020;3;55;20;3;4819,685;March;14459,055
877;2020;3;55;16;1;2162,705;March;2162,705
878;2020;3;23;43;1;729,035;March;729,035
879;2020;3;54;9;1;100,0;March;100,0
880;2020;3;6;16;1;73,75;March;73,75
881;2020;3;6;12;10;147,38;March;1473,8
882;2020;3;21;20;1;30301,38;March;30301,38
883;2020;3;21;16;1;99,11;March;99,11
884;2020;3;21;9;1;238,485;March;238,485
885;2020;3;21;2;1;21,375;March;21,375
886;2020;3;35;55;1;4322,43;March;4322,43
887;2020;4;21;20;1;-163,915;April;-163,915
888;2020;4;21;12;2;74,63;April;149,26
889;2020;4;6;16;2;97,5;April;195,0
890;2020;4;6;12;1;73,75;April;73,75
891;2020;4;13;57;1;109,155;April;109,155
892;2020;4;23;55;1;712,535;April;712,535
893;2020;4;55;38;1;14851,19;April;14851,19
894;2020;4;55;35;1;696,51;April;696,51
895;2020;4;55;20;8;6631,355;April;53050,84
896;2020;4;55;19;1;1168,215;April;1168,215
897;2020;4;44;52;1;73,75;April;73,75
898;2020;4;44;42;1;73,75;April;73,75
899;2020;4;44;38;3;85,625;April;256,875
900;2020;4;44;19;1;73,75;April;73,75
901;2020;4;44;17;2;85,0;April;170,0
902;2020;4;44;16;3;136,175;April;408,52500000000003
903;2020;4;44;13;1;73,75;April;73,75
904;2020;4;44;12;2;514,92;April;1029,84
905;2020;4;44;9;2;150,0;April;300,0
906;2020;4;83;2;1;45,57;April;45,57
907;2020;4;79;2;1;125,17;April;125,17
908;2020;4;81;2;1;689,545;April;689,545
909;2020;4;31;57;1;140,845;April;140,845
910;2020;4;31;38;2;93,75;April;187,5
911;2020;4;31;35;3;20463,36;April;61390,08
912;2020;4;31;19;1;241,195;April;241,195
913;2020;4;31;17;1;385,23;April;385,23
914;2020;4;31;16;4;1640,305;April;6561,22
915;2020;4;31;13;1;289,915;April;289,915
916;2020;4;31;12;2;210,115;April;420,23
917;2020;4;66;56;1;71,42;April;71,42
918;2020;4;66;47;1;258,59;April;258,59
919;2020;4;66;46;2;243,96;April;487,92
920;2020;4;66;43;1;60,71;April;60,71
921;2020;4;66;42;1;71,42;April;71,42
922;2020;4;66;39;1;76,61;April;76,61
923;2020;4;66;20;5;1248,89;April;6244,450000000001
924;2020;4;66;19;6;579,94;April;3479,6400000000003
925;2020;4;66;17;1;125,745;April;125,745
926;2020;4;66;16;8;417,815;April;3342,52
927;2020;4;66;15;1;177,48;April;177,48
928;2020;4;66;14;5;219,39;April;1096,9499999999998
929;2020;4;66;13;3;138,72;April;416,15999999999997
930;2020;4;66;9;4;231,85;April;927,4
931;2020;4;72;59;1;142,705;April;142,705
932;2020;4;72;58;1;119,985;April;119,985
933;2020;4;72;57;3;461,825;April;1385,475
934;2020;4;72;47;2;2371,25;April;4742,5
935;2020;4;72;43;1;68,22;April;68,22
936;2020;4;72;42;2;889,345;April;1778,69
937;2020;4;72;38;5;814,24;April;4071,2
938;2020;4;72;35;4;-271,625;April;-1086,5
939;2020;4;72;20;5;1856,955;April;9284,775
940;2020;4;72;19;5;1543,855;April;7719,275
941;2020;4;72;17;1;187,505;April;187,505
942;2020;4;72;16;11;4124,58;April;45370,38
943;2020;4;72;15;1;96,64;April;96,64
944;2020;4;72;14;2;435,51;April;871,02
945;2020;4;72;13;4;1440,47;April;5761,88
946;2020;4;72;12;10;305,305;April;3053,05
947;2020;4;72;9;4;515,745;April;2062,98
948;2020;4;72;2;10;4728,585;April;47285,85
949;2020;5;72;59;1;139,715;May;139,715
950;2020;5;72;57;5;708,32;May;3541,6000000000004
951;2020;5;72;44;1;446,395;May;446,395
952;2020;5;72;43;1;321,065;May;321,065
953;2020;5;72;38;7;338,475;May;2369,3250000000003
954;2020;5;72;35;5;702,98;May;3514,9
955;2020;5;72;20;7;2111,24;May;14778,679999999998
956;2020;5;72;19;1;337,065;May;337,065
957;2020;5;72;17;1;107,375;May;107,375
958;2020;5;72;16;16;1665,84;May;26653,44
959;2020;5;72;15;1;139,465;May;139,465
960;2020;5;72;14;2;462,42;May;924,84
961;2020;5;72;13;7;4788,67;May;33520,69
962;2020;5;72;12;4;456,69;May;1826,76
963;2020;5;72;9;9;2017,555;May;18157,995
964;2020;5;72;2;18;2786,715;May;50160,87
965;2020;5;66;57;1;206,025;May;206,025
966;2020;5;66;56;1;71,42;May;71,42
967;2020;5;66;52;1;71,41;May;71,41
968;2020;5;66;43;1;120,535;May;120,535
969;2020;5;66;42;2;95,035;May;190,07
970;2020;5;66;39;2;312,095;May;624,19
971;2020;5;66;38;7;769,125;May;5383,875
972;2020;5;66;36;1;127,195;May;127,195
973;2020;5;66;35;2;698,24;May;1396,48
974;2020;5;66;20;6;653,76;May;3922,56
975;2020;5;66;19;7;248,57;May;1739,99
976;2020;5;66;16;19;2404,87;May;45692,53
977;2020;5;66;13;2;321,945;May;643,89
978;2020;5;66;9;4;439,875;May;1759,5
979;2020;5;66;2;1;68,72;May;68,72
980;2020;5;31;57;4;984,26;May;3937,04
981;2020;5;31;52;1;130,75;May;130,75
982;2020;5;31;39;2;112,5;May;225,0
983;2020;5;31;35;4;20634,885;May;82539,54
984;2020;5;31;20;4;3968,73;May;15874,92
985;2020;5;31;16;11;3065,465;May;33720,115000000005
986;2020;5;31;13;1;72,5;May;72,5
987;2020;5;31;12;4;571,315;May;2285,26
988;2020;5;31;9;1;61,875;May;61,875
989;2020;5;31;2;1;1411,47;May;1411,47
990;2020;5;74;42;1;764,345;May;764,345
991;2020;5;64;25;1;1112,18;May;1112,18
992;2020;5;64;22;6;974,565;May;5847,39
993;2020;5;64;18;1;310,73;May;310,73
994;2020;5;64;16;3;400,67;May;1202,01
995;2020;5;44;42;1;62,31;May;62,31
996;2020;5;44;38;2;89,37;May;178,74
997;2020;5;44;27;1;4109,765;May;4109,765
998;2020;5;44;19;1;73,75;May;73,75
999;2020;5;44;16;9;294,585;May;2651,265
1000;2020;5;44;13;2;131,895;May;263,79
1001;2020;5;44;12;4;139,55;May;558,2
1002;2020;5;44;9;2;150,0;May;300,0
1003;2020;5;55;38;1;7450,595;May;7450,595
1004;2020;5;55;20;2;135,705;May;271,41
1005;2020;5;55;16;2;26215,82;May;52431,64
1006;2020;5;55;12;1;-1560,195;May;-1560,195
1007;2020;5;6;25;1;157,96;May;157,96
1008;2020;5;6;19;1;77,58;May;77,58
1009;2020;5;6;16;3;388,925;May;1166,775
1010;2020;5;6;12;8;613,245;May;4905,96
1011;2020;5;21;20;2;1033,6;May;2067,2
1012;2020;5;21;2;1;61,015;May;61,015
1013;2020;5;35;27;3;207,79;May;623,37
1014;2020;5;41;11;2;1328,11;May;2656,22
1015;2020;5;41;2;1;-531,71;May;-531,71
1016;2020;6;41;11;1;422,175;June;422,175
1017;2020;6;21;20;1;50,0;June;50,0
1018;2020;6;21;17;1;10113,73;June;10113,73
1019;2020;6;6;16;5;235,435;June;1177,175
1020;2020;6;6;12;15;735,82;June;11037,300000000001
1021;2020;6;4;16;1;1437,505;June;1437,505
1022;2020;6;55;37;2;85,7;June;171,4
1023;2020;6;55;20;9;6961,98;June;62657,81999999999
1024;2020;6;44;46;1;71,19;June;71,19
1025;2020;6;44;42;3;85,625;June;256,875
1026;2020;6;44;39;1;90,74;June;90,74
1027;2020;6;44;38;2;73,885;June;147,77
1028;2020;6;44;20;1;-11,965;June;-11,965
1029;2020;6;44;19;1;73,75;June;73,75
1030;2020;6;44;17;2;188,085;June;376,17
1031;2020;6;44;16;7;190,0;June;1330,0
1032;2020;6;44;13;1;73,75;June;73,75
1033;2020;6;44;12;3;239,305;June;717,915
1034;2020;6;64;38;1;57,5;June;57,5
1035;2020;6;64;26;1;179,135;June;179,135
1036;2020;6;64;18;1;235,54;June;235,54
1037;2020;6;64;16;2;790,73;June;1581,46
1038;2020;6;74;42;1;764,35;June;764,35
1039;2020;6;79;17;1;-30,7;June;-30,7
1040;2020;6;31;57;2;4791,88;June;9583,76
1041;2020;6;31;52;1;87,5;June;87,5
1042;2020;6;31;38;1;68,75;June;68,75
1043;2020;6;31;35;3;20575,69;June;61727,06999999999
1044;2020;6;31;20;4;7332,725;June;29330,9
1045;2020;6;31;16;6;3969,44;June;23816,64
1046;2020;6;31;12;4;929,375;June;3717,5
1047;2020;6;31;2;1;1500,755;June;1500,755
1048;2020;6;66;57;2;201,265;June;402,53
1049;2020;6;66;46;1;563,53;June;563,53
1050;2020;6;66;43;1;98,99;June;98,99
1051;2020;6;66;38;3;1581,05;June;4743,15
1052;2020;6;66;36;1;64,28;June;64,28
1053;2020;6;66;35;3;247,685;June;743,0550000000001
1054;2020;6;66;20;3;641,455;June;1924,3650000000002
1055;2020;6;66;19;3;130,55;June;391,65000000000003
1056;2020;6;66;18;2;89,73;June;179,46
1057;2020;6;66;17;8;2101,22;June;16809,76
1058;2020;6;66;16;24;3557,73;June;85385,52
1059;2020;6;66;14;2;278,825;June;557,65
1060;2020;6;66;13;4;252,54;June;1010,16
1061;2020;6;66;9;6;548,88;June;3293,2799999999997
1062;2020;6;66;2;2;492,69;June;985,38
1063;2020;6;72;59;1;142,705;June;142,705
1064;2020;6;72;57;11;4039,395;June;44433,345
1065;2020;6;72;52;1;69,125;June;69,125
1066;2020;6;72;47;1;106,34;June;106,34
1067;2020;6;72;44;1;1850,035;June;1850,035
1068;2020;6;72;39;2;2435,98;June;4871,96
1069;2020;6;72;38;12;819,49;June;9833,880000000001
1070;2020;6;72;35;6;-559,24;June;-3355,44
1071;2020;6;72;20;6;4474,25;June;26845,5
1072;2020;6;72;17;2;522,83;June;1045,66
1073;2020;6;72;16;11;4602,695;June;50629,645
1074;2020;6;72;15;1;88,565;June;88,565
1075;2020;6;72;14;1;98,935;June;98,935
1076;2020;6;72;13;3;3244,695;June;9734,085000000001
1077;2020;6;72;12;3;267,235;June;801,705
1078;2020;6;72;9;12;2157,955;June;25895,46
1079;2020;6;72;2;9;3359,695;June;30237,255
