;ano;mes;seguradora;vendedor;tot_apolices;venda;tot_venda;month_name
0;2019;1;66;1;1;174,055;174,055;January
1;2019;1;31;58;1;92,31;92,31;January
2;2019;1;72;35;6;900,08;5400,4800000000005;January
3;2019;1;55;20;1;7550,0;7550,0;January
4;2019;1;72;58;2;84,175;168,35;January
5;2019;1;72;38;9;1570,915;14138,235;January
6;2019;1;72;56;8;744,255;5954,04;January
7;2019;1;43;17;1;257,525;257,525;January
8;2019;1;64;26;8;1574,47;12595,76;January
9;2019;1;72;9;2;82,075;164,15;January
10;2019;1;31;35;2;1217,555;2435,11;January
11;2019;1;66;19;6;99,945;599,67;January
12;2019;1;81;20;1;2002,635;2002,635;January
13;2019;1;66;57;5;1027,795;5138,975;January
14;2019;1;44;16;5;363,69;1818,45;January
15;2019;1;44;17;2;88,0;176,0;January
16;2019;1;38;56;2;507,75;1015,5;January
17;2019;1;66;20;6;1029,605;6177,63;January
18;2019;1;23;20;1;230,75;230,75;January
19;2019;1;66;2;1;87,175;87,175;January
20;2019;1;72;57;12;1803,145;21637,739999999998;January
21;2019;1;44;14;3;117,875;353,625;January
22;2019;1;72;16;4;174,54;698,16;January
23;2019;1;72;12;18;9455,28;170195,04;January
24;2019;1;72;53;1;72,95;72,95;January
25;2019;1;44;58;1;605,115;605,115;January
26;2019;1;72;42;1;638,925;638,925;January
27;2019;1;66;13;1;297,94;297,94;January
28;2019;1;44;42;3;108,11;324,33;January
29;2019;1;44;56;2;580,955;1161,91;January
30;2019;1;21;16;1;395,995;395,995;January
31;2019;1;66;14;8;1962,38;15699,04;January
32;2019;1;66;38;6;283,225;1699,3500000000001;January
33;2019;1;44;9;1;83,11;83,11;January
34;2019;1;31;57;1;810,835;810,835;January
35;2019;1;72;47;10;924,565;9245,650000000001;January
36;2019;1;31;19;1;537,22;537,22;January
37;2019;1;72;2;3;485,39;1456,17;January
38;2019;1;72;46;1;93,42;93,42;January
39;2019;1;43;56;1;167,025;167,025;January
40;2019;1;72;17;2;193,665;387,33;January
41;2019;1;31;47;2;615,745;1231,49;January
42;2019;1;78;25;1;50,0;50,0;January
43;2019;1;31;2;1;2389,95;2389,95;January
44;2019;1;66;17;2;142,445;284,89;January
45;2019;1;19;54;1;635,87;635,87;January
46;2019;1;66;46;4;182,145;728,58;January
47;2019;1;72;39;1;99,005;99,005;January
48;2019;1;66;47;1;71,42;71,42;January
49;2019;1;66;55;1;51,785;51,785;January
50;2019;1;72;14;4;3501,23;14004,92;January
51;2019;1;58;9;2;175,175;350,35;January
52;2019;1;72;54;1;-1950,725;-1950,725;January
53;2019;1;66;56;7;762,925;5340,474999999999;January
54;2019;1;21;12;1;3225,78;3225,78;January
55;2019;1;72;20;4;1392,995;5571,98;January
56;2019;1;81;2;1;0,0;0,0;January
57;2019;1;44;12;5;366,345;1831,7250000000001;January
58;2019;1;44;38;9;1326,795;11941,155;January
59;2019;1;66;16;8;415,39;3323,12;January
60;2019;2;72;9;6;724,34;4346,04;February
61;2019;2;72;43;7;1079,155;7554,085;February
62;2019;2;31;12;2;10096,05;20192,1;February
63;2019;2;72;57;1;2279,3;2279,3;February
64;2019;2;64;57;1;75,0;75,0;February
65;2019;2;66;14;6;1168,69;7012,14;February
66;2019;2;44;35;2;69,0;138,0;February
67;2019;2;72;18;1;220,06;220,06;February
68;2019;2;72;38;5;2275,28;11376,400000000001;February
69;2019;2;44;56;2;561,495;1122,99;February
70;2019;2;66;2;1;262,795;262,795;February
71;2019;2;42;59;1;101,8;101,8;February
72;2019;2;31;9;1;231,17;231,17;February
73;2019;2;72;56;5;570,025;2850,125;February
74;2019;2;21;20;3;941,225;2823,675;February
75;2019;2;72;1;3;549,85;1649,5500000000002;February
76;2019;2;66;46;1;102,91;102,91;February
77;2019;2;66;55;7;694,035;4858,245;February
78;2019;2;55;20;2;411,955;823,91;February
79;2019;2;72;12;8;7730,815;61846,52;February
80;2019;2;66;20;5;645,52;3227,6;February
81;2019;2;44;16;3;141,955;425,865;February
82;2019;2;72;59;2;97,005;194,01;February
83;2019;2;72;42;1;4404,765;4404,765;February
84;2019;2;72;39;1;883,2;883,2;February
85;2019;2;83;56;1;81,07;81,07;February
86;2019;2;13;57;1;166,88;166,88;February
87;2019;2;66;18;1;92,985;92,985;February
88;2019;2;72;52;1;209,055;209,055;February
89;2019;2;66;38;12;1820,165;21841,98;February
90;2019;2;72;47;14;1957,345;27402,83;February
91;2019;2;31;54;1;101,87;101,87;February
92;2019;2;44;38;3;104,005;312,015;February
93;2019;2;66;19;2;185,1;370,2;February
94;2019;2;66;16;5;304,16;1520,8000000000002;February
95;2019;2;81;2;1;0,0;0,0;February
96;2019;2;66;57;4;561,3;2245,2;February
97;2019;2;72;54;4;6419,6;25678,4;February
98;2019;2;72;41;3;394,86;1184,58;February
99;2019;2;58;9;2;175,175;350,35;February
100;2019;2;44;42;1;56,335;56,335;February
101;2019;2;72;14;6;1283,315;7699,89;February
102;2019;2;72;16;13;10872,925;141348,025;February
103;2019;2;66;52;1;86,055;86,055;February
104;2019;2;72;20;1;389,99;389,99;February
105;2019;2;23;16;1;121,87;121,87;February
106;2019;2;64;16;1;104,23;104,23;February
107;2019;2;66;39;2;66,775;133,55;February
108;2019;2;66;41;2;508,51;1017,02;February
109;2019;2;72;17;1;115,845;115,845;February
110;2019;2;78;25;1;50,0;50,0;February
111;2019;2;66;35;3;289,815;869,4449999999999;February
112;2019;2;44;9;3;119,015;357,045;February
113;2019;2;72;55;2;953,93;1907,86;February
114;2019;2;66;56;4;259,155;1036,62;February
115;2019;2;72;46;1;127,75;127,75;February
116;2019;2;75;37;1;50,0;50,0;February
117;2019;2;31;20;2;3012,71;6025,42;February
118;2019;2;44;12;7;589,76;4128,32;February
119;2019;3;66;46;3;373,77;1121,31;March
120;2019;3;72;57;4;360,595;1442,38;March
121;2019;3;58;9;2;109,62;219,24;March
122;2019;3;64;57;1;90,4;90,4;March
123;2019;3;72;19;6;2051,135;12306,810000000001;March
124;2019;3;31;57;1;65,315;65,315;March
125;2019;3;66;55;7;310,14;2170,98;March
126;2019;3;44;38;8;698,645;5589,16;March
127;2019;3;74;20;2;1627,375;3254,75;March
128;2019;3;23;20;1;1121,06;1121,06;March
129;2019;3;83;42;1;188,435;188,435;March
130;2019;3;66;17;3;249,785;749,355;March
131;2019;3;31;42;1;103,395;103,395;March
132;2019;3;19;54;3;1875,63;5626,89;March
133;2019;3;66;14;9;582,065;5238,585000000001;March
134;2019;3;72;54;5;1560,235;7801,174999999999;March
135;2019;3;72;43;1;93,09;93,09;March
136;2019;3;44;12;8;236,045;1888,36;March
137;2019;3;66;16;4;253,87;1015,48;March
138;2019;3;72;12;5;818,91;4094,5499999999997;March
139;2019;3;66;44;1;87,475;87,475;March
140;2019;3;66;58;1;58,61;58,61;March
141;2019;3;72;9;2;1347,25;2694,5;March
142;2019;3;66;54;3;1087,54;3262,62;March
143;2019;3;72;20;5;4692,605;23463,024999999998;March
144;2019;3;44;42;6;183,37;1100,22;March
145;2019;3;44;9;2;88,0;176,0;March
146;2019;3;44;16;5;151,145;755,725;March
147;2019;3;44;35;1;59,5;59,5;March
148;2019;3;72;39;2;472,265;944,53;March
149;2019;3;55;19;1;59,595;59,595;March
150;2019;3;72;16;6;834,995;5009,97;March
151;2019;3;23;16;3;210,515;631,545;March
152;2019;3;72;14;8;4237,73;33901,84;March
153;2019;3;81;2;1;1115,91;1115,91;March
154;2019;3;66;56;10;581,085;5810,85;March
155;2019;3;72;38;7;3713,855;25996,985;March
156;2019;3;72;56;9;463,24;4169,16;March
157;2019;3;72;47;7;769,665;5387,655;March
158;2019;3;55;20;2;1167,875;2335,75;March
159;2019;3;78;25;1;50,0;50,0;March
160;2019;3;72;42;2;55,825;111,65;March
161;2019;3;31;56;1;-835,12;-835,12;March
162;2019;3;66;38;3;639,505;1918,5149999999999;March
163;2019;3;31;47;2;662,09;1324,18;March
164;2019;3;21;20;4;1088,19;4352,76;March
165;2019;3;72;59;2;98,555;197,11;March
166;2019;3;81;54;1;106,59;106,59;March
167;2019;3;72;55;1;732,095;732,095;March
168;2019;3;66;57;2;115,255;230,51;March
169;2019;3;66;19;2;134,43;268,86;March
170;2019;3;72;46;2;1228,795;2457,59;March
171;2019;3;66;43;1;65,91;65,91;March
172;2019;4;72;20;2;232,62;465,24;April
173;2019;4;44;38;17;1582,83;26908,11;April
174;2019;4;66;17;1;50,0;50,0;April
175;2019;4;66;16;8;255,365;2042,92;April
176;2019;4;72;14;6;3694,85;22169,1;April
177;2019;4;44;12;6;637,255;3823,5299999999997;April
178;2019;4;31;20;1;163,375;163,375;April
179;2019;4;66;42;1;275,925;275,925;April
180;2019;4;44;9;2;99,185;198,37;April
181;2019;4;44;16;4;244,6;978,4;April
182;2019;4;44;19;1;67,5;67,5;April
183;2019;4;21;25;2;50,0;100,0;April
184;2019;4;66;56;9;390,27;3512,43;April
185;2019;4;66;52;1;113,82;113,82;April
186;2019;4;42;20;1;234,005;234,005;April
187;2019;4;66;47;1;76,92;76,92;April
188;2019;4;31;57;4;202,555;810,22;April
189;2019;4;72;19;9;3056,845;27511,605;April
190;2019;4;66;38;8;1885,915;15087,32;April
191;2019;4;66;58;1;367,945;367,945;April
192;2019;4;72;47;3;264,01;792,03;April
193;2019;4;44;56;1;173,46;173,46;April
194;2019;4;64;57;4;130,645;522,58;April
195;2019;4;78;25;1;50,0;50,0;April
196;2019;4;13;16;1;322,52;322,52;April
197;2019;4;72;57;2;107,38;214,76;April
198;2019;4;31;54;2;-959,3;-1918,6;April
199;2019;4;72;43;6;1281,31;7687,86;April
200;2019;4;43;56;1;68,64;68,64;April
201;2019;4;44;42;4;193,765;775,06;April
202;2019;4;23;37;2;413,51;827,02;April
203;2019;4;72;54;3;-58,11;-174,32999999999998;April
204;2019;4;55;20;2;413,62;827,24;April
205;2019;4;31;16;1;1936,28;1936,28;April
206;2019;4;44;54;7;1094,765;7663,3550000000005;April
207;2019;4;31;56;4;2133,5;8534,0;April
208;2019;4;66;14;2;362,29;724,58;April
209;2019;4;44;58;1;82,86;82,86;April
210;2019;4;72;56;8;859,89;6879,12;April
211;2019;4;72;35;4;1033,815;4135,26;April
212;2019;4;21;54;1;-83,16;-83,16;April
213;2019;4;31;9;1;87,5;87,5;April
214;2019;4;66;6;1;1893,36;1893,36;April
215;2019;4;31;12;2;1671,595;3343,19;April
216;2019;4;72;12;12;3059,1;36709,2;April
217;2019;4;66;20;3;76,38;229,14;April
218;2019;4;72;41;2;705,23;1410,46;April
219;2019;4;66;43;1;89,19;89,19;April
220;2019;4;72;55;1;394,545;394,545;April
221;2019;4;83;42;1;205,325;205,325;April
222;2019;4;81;54;1;82,06;82,06;April
223;2019;4;72;16;8;1951,42;15611,36;April
224;2019;4;72;17;4;761,825;3047,3;April
225;2019;4;44;14;3;1610,095;4830,285;April
226;2019;4;64;16;3;152,18;456,54;April
227;2019;4;72;9;1;62,75;62,75;April
228;2019;4;72;52;1;234,125;234,125;April
229;2019;4;44;17;2;56,75;113,5;April
230;2019;4;23;56;1;375,0;375,0;April
231;2019;4;72;38;13;3460,915;44991,895;April
232;2019;4;31;26;1;-4622,065;-4622,065;April
233;2019;4;66;57;3;171,855;515,5649999999999;April
234;2019;4;66;19;12;1226,945;14723,34;April
235;2019;4;66;1;1;159,06;159,06;April
236;2019;4;21;20;3;786,48;2359,44;April
237;2019;4;72;58;1;279,685;279,685;April
238;2019;4;33;14;1;163,755;163,755;April
239;2019;5;72;20;2;736,335;1472,67;May
240;2019;5;31;47;2;682,84;1365,68;May
241;2019;5;44;39;3;79,72;239,16;May
242;2019;5;83;16;1;-60,0;-60,0;May
243;2019;5;44;12;4;142,0;568,0;May
244;2019;5;72;17;5;2172,29;10861,45;May
245;2019;5;78;25;1;50,0;50,0;May
246;2019;5;72;47;3;695,26;2085,7799999999997;May
247;2019;5;13;16;1;73,375;73,375;May
248;2019;5;66;38;2;205,43;410,86;May
249;2019;5;66;58;2;364,305;728,61;May
250;2019;5;72;55;5;3001,26;15006,300000000001;May
251;2019;5;66;35;4;170,6;682,4;May
252;2019;5;44;35;1;64,945;64,945;May
253;2019;5;72;16;14;3645,795;51041,130000000005;May
254;2019;5;31;16;4;43637,7;174550,8;May
255;2019;5;55;35;1;50,0;50,0;May
256;2019;5;44;9;8;386,255;3090,04;May
257;2019;5;44;38;11;325,3;3578,3;May
258;2019;5;66;16;2;112,8;225,6;May
259;2019;5;72;14;11;3916,295;43079,245;May
260;2019;5;13;57;1;53,95;53,95;May
261;2019;5;44;56;2;720,07;1440,14;May
262;2019;5;66;52;2;284,565;569,13;May
263;2019;5;66;17;1;51,785;51,785;May
264;2019;5;72;54;4;3369,175;13476,7;May
265;2019;5;55;57;2;4998,715;9997,43;May
266;2019;5;44;16;7;784,855;5493,985000000001;May
267;2019;5;66;56;7;419,79;2938,53;May
268;2019;5;66;42;3;210,96;632,88;May
269;2019;5;31;42;2;304,565;609,13;May
270;2019;5;72;56;7;8104,81;56733,670000000006;May
271;2019;5;31;56;1;597,5;597,5;May
272;2019;5;66;43;1;100,665;100,665;May
273;2019;5;66;47;2;59,325;118,65;May
274;2019;5;72;42;2;371,19;742,38;May
275;2019;5;55;20;2;5873,46;11746,92;May
276;2019;5;21;20;4;752,91;3011,64;May
277;2019;5;72;39;1;621,07;621,07;May
278;2019;5;72;59;3;105,59;316,77;May
279;2019;5;44;14;5;184,355;921,775;May
280;2019;5;51;16;1;9097,725;9097,725;May
281;2019;5;66;19;9;249,435;2244,915;May
282;2019;5;44;20;1;79,91;79,91;May
283;2019;5;66;57;10;996,23;9962,3;May
284;2019;5;66;55;3;128,905;386,71500000000003;May
285;2019;5;19;54;2;1405,135;2810,27;May
286;2019;5;55;44;1;2506,585;2506,585;May
287;2019;5;72;19;5;2722,52;13612,6;May
288;2019;5;72;35;5;1542,93;7714,650000000001;May
289;2019;5;72;57;6;640,915;3845,49;May
290;2019;5;44;54;2;86,98;173,96;May
291;2019;5;31;9;2;113,73;227,46;May
292;2019;5;31;57;3;305,865;917,595;May
293;2019;5;64;57;4;275,335;1101,34;May
294;2019;5;72;38;1;75,41;75,41;May
295;2019;5;64;26;1;1334,875;1334,875;May
296;2019;5;44;15;1;332,42;332,42;May
297;2019;5;31;38;1;65,75;65,75;May
298;2019;5;66;14;3;115,83;347,49;May
299;2019;5;72;9;4;673,22;2692,88;May
300;2019;5;72;12;12;2725,29;32703,48;May
301;2019;5;66;20;11;309,305;3402,355;May
302;2019;5;21;16;2;219,9;439,8;May
303;2019;5;31;12;2;11732,565;23465,13;May
304;2019;5;72;43;1;331,515;331,515;May
305;2019;5;66;54;1;396,05;396,05;May
306;2019;6;72;47;4;1029,38;4117,52;June
307;2019;6;66;57;2;164,545;329,09;June
308;2019;6;66;38;2;194,825;389,65;June
309;2019;6;44;13;1;108,5;108,5;June
310;2019;6;66;9;1;158,545;158,545;June
311;2019;6;66;19;2;61,335;122,67;June
312;2019;6;78;25;1;50,0;50,0;June
313;2019;6;72;41;1;457,815;457,815;June
314;2019;6;81;54;1;115,085;115,085;June
315;2019;6;72;35;10;-2522,18;-25221,8;June
316;2019;6;83;54;1;2300,23;2300,23;June
317;2019;6;55;20;2;385,45;770,9;June
318;2019;6;72;56;9;9172,88;82555,92;June
319;2019;6;21;20;3;522,515;1567,545;June
320;2019;6;42;58;1;231,525;231,525;June
321;2019;6;66;56;8;310,74;2485,92;June
322;2019;6;44;12;4;163,215;652,86;June
323;2019;6;66;35;2;65,745;131,49;June
324;2019;6;44;43;1;155,43;155,43;June
325;2019;6;72;14;8;3105,49;24843,92;June
326;2019;6;72;38;10;2036,625;20366,25;June
327;2019;6;31;16;4;4377,835;17511,34;June
328;2019;6;55;19;1;9122,64;9122,64;June
329;2019;6;64;16;1;163,3;163,3;June
330;2019;6;66;42;1;117,555;117,555;June
331;2019;6;72;16;13;3074,495;39968,435;June
332;2019;6;23;56;2;361,07;722,14;June
333;2019;6;44;9;3;149,515;448,54499999999996;June
334;2019;6;72;2;1;354,735;354,735;June
335;2019;6;66;58;2;50,61;101,22;June
336;2019;6;74;1;1;63,81;63,81;June
337;2019;6;44;54;2;270,535;541,07;June
338;2019;6;31;57;2;504,655;1009,31;June
339;2019;6;44;16;7;314,37;2200,59;June
340;2019;6;44;17;1;59,0;59,0;June
341;2019;6;44;47;1;105,1;105,1;June
342;2019;6;66;44;1;98,215;98,215;June
343;2019;6;72;43;4;920,71;3682,84;June
344;2019;6;72;54;2;136,02;272,04;June
345;2019;6;31;1;1;51,5;51,5;June
346;2019;6;64;26;3;1705,855;5117,5650000000005;June
347;2019;6;31;38;1;675,28;675,28;June
348;2019;6;66;14;6;387,41;2324,46;June
349;2019;6;77;20;1;11859,25;11859,25;June
350;2019;6;72;9;1;273,09;273,09;June
351;2019;6;66;1;1;117,52;117,52;June
352;2019;6;72;20;6;5941,915;35651,49;June
353;2019;6;44;42;6;103,835;623,01;June
354;2019;6;44;56;4;2419,08;9676,32;June
355;2019;6;66;6;1;1179,5;1179,5;June
356;2019;6;31;56;1;263,36;263,36;June
357;2019;6;31;54;2;2437,6;4875,2;June
358;2019;6;44;38;9;224,11;2016,9900000000002;June
359;2019;6;72;1;4;114,585;458,34;June
360;2019;6;72;12;11;405,23;4457,530000000001;June
361;2019;6;74;2;1;58,35;58,35;June
362;2019;6;66;16;7;972,645;6808,514999999999;June
363;2019;6;66;55;2;104,72;209,44;June
364;2019;6;64;57;1;58,6;58,6;June
365;2019;6;72;59;2;950,14;1900,28;June
366;2019;6;72;42;2;109,81;219,62;June
367;2019;6;31;39;1;136,89;136,89;June
368;2019;6;66;20;6;725,075;4350,450000000001;June
369;2019;6;66;17;1;243,01;243,01;June
370;2019;6;66;46;1;77,945;77,945;June
371;2019;6;31;9;2;54,65;109,3;June
372;2019;6;44;14;5;176,48;882,4;June
373;2019;6;66;2;1;75,005;75,005;June
374;2019;7;72;41;4;3170,59;12682,36;July
375;2019;7;72;38;8;1276,355;10210,84;July
376;2019;7;66;1;6;335,13;2010,78;July
377;2019;7;66;57;2;110,21;220,42;July
378;2019;7;66;19;30;2209,465;66283,95000000001;July
379;2019;7;72;58;1;533,575;533,575;July
380;2019;7;72;18;3;-720,72;-2162,16;July
381;2019;7;62;27;3;77,315;231,945;July
382;2019;7;81;47;4;213,2;852,8;July
383;2019;7;72;9;4;1250,225;5000,9;July
384;2019;7;66;54;2;518,24;1036,48;July
385;2019;7;66;42;3;789,765;2369,295;July
386;2019;7;44;55;1;114,62;114,62;July
387;2019;7;31;38;1;68,75;68,75;July
388;2019;7;72;42;5;1189,215;5946,075;July
389;2019;7;44;39;1;61,875;61,875;July
390;2019;7;66;43;6;700,315;4201,89;July
391;2019;7;66;20;10;411,89;4118,9;July
392;2019;7;72;12;11;-794,16;-8735,76;July
393;2019;7;75;22;1;87,5;87,5;July
394;2019;7;78;25;1;50,0;50,0;July
395;2019;7;35;55;1;4322,43;4322,43;July
396;2019;7;23;9;1;300,77;300,77;July
397;2019;7;83;20;1;137,345;137,345;July
398;2019;7;55;57;1;4963,17;4963,17;July
399;2019;7;66;9;3;339,115;1017,345;July
400;2019;7;13;16;1;76,85;76,85;July
401;2019;7;72;59;2;112,99;225,98;July
402;2019;7;31;17;1;52,535;52,535;July
403;2019;7;66;2;2;130,875;261,75;July
404;2019;7;44;20;1;74,04;74,04;July
405;2019;7;44;54;1;86,25;86,25;July
406;2019;7;31;35;5;-2200,05;-11000,25;July
407;2019;7;66;39;1;153,21;153,21;July
408;2019;7;72;16;20;7230,69;144613,8;July
409;2019;7;44;14;6;173,595;1041,57;July
410;2019;7;31;56;1;87,255;87,255;July
411;2019;7;66;16;17;1081,245;18381,164999999997;July
412;2019;7;21;20;2;258,145;516,29;July
413;2019;7;44;38;9;330,515;2974,6349999999998;July
414;2019;7;72;56;4;409,975;1639,9;July
415;2019;7;31;16;1;195,145;195,145;July
416;2019;7;72;35;20;625,955;12519,1;July
417;2019;7;55;20;2;1613,325;3226,65;July
418;2019;7;64;16;2;56,06;112,12;July
419;2019;7;54;42;1;3974,645;3974,645;July
420;2019;7;44;35;1;59,5;59,5;July
421;2019;7;66;44;1;156,97;156,97;July
422;2019;7;66;14;4;664,785;2659,14;July
423;2019;7;72;54;2;1289,645;2579,29;July
424;2019;7;66;58;1;52,74;52,74;July
425;2019;7;83;42;1;169,855;169,855;July
426;2019;7;31;57;2;59,69;119,38;July
427;2019;7;66;38;12;2273,68;27284,159999999996;July
428;2019;7;75;27;1;71,33;71,33;July
429;2019;7;72;47;1;674,29;674,29;July
430;2019;7;64;57;1;52,47;52,47;July
431;2019;7;72;57;10;2057,59;20575,9;July
432;2019;7;66;35;10;20,225;202,25;July
433;2019;7;19;13;1;335,625;335,625;July
434;2019;7;21;25;1;50,0;50,0;July
435;2019;7;66;56;6;608,515;3651,09;July
436;2019;7;72;39;2;1080,64;2161,28;July
437;2019;7;66;47;2;122,93;245,86;July
438;2019;7;13;1;1;122,675;122,675;July
439;2019;7;44;16;8;475,145;3801,16;July
440;2019;7;72;2;4;56,03;224,12;July
441;2019;7;44;9;3;267,445;802,335;July
442;2019;7;72;44;2;377,24;754,48;July
443;2019;7;66;52;1;123,65;123,65;July
444;2019;7;72;1;2;439,015;878,03;July
445;2019;7;72;14;7;4364,14;30548,980000000003;July
446;2019;7;66;17;1;343,705;343,705;July
447;2019;7;64;1;1;1159,39;1159,39;July
448;2019;7;72;20;2;166,84;333,68;July
449;2019;7;66;55;3;172,685;518,0550000000001;July
450;2019;7;44;42;4;546,405;2185,62;July
451;2019;7;44;12;5;278,73;1393,65;July
452;2019;7;77;20;1;2329,63;2329,63;July
453;2019;7;23;16;1;51,015;51,015;July
454;2019;8;31;38;3;2193,42;6580,26;August
455;2019;8;66;14;5;507,225;2536,125;August
456;2019;8;72;18;1;43,02;43,02;August
457;2019;8;21;16;2;797,57;1595,14;August
458;2019;8;66;20;3;141,52;424,56000000000006;August
459;2019;8;72;43;5;517,865;2589,325;August
460;2019;8;72;38;4;1382,2;5528,8;August
461;2019;8;66;1;8;430,485;3443,88;August
462;2019;8;72;12;17;817,66;13900,22;August
463;2019;8;72;16;16;4518,89;72302,24;August
464;2019;8;64;16;2;72,95;145,9;August
465;2019;8;31;9;2;53,25;106,5;August
466;2019;8;66;39;3;522,83;1568,4900000000002;August
467;2019;8;23;20;1;172,46;172,46;August
468;2019;8;31;16;5;622,64;3113,2;August
469;2019;8;66;2;5;264,005;1320,025;August
470;2019;8;55;1;1;150,515;150,515;August
471;2019;8;72;19;2;368,76;737,52;August
472;2019;8;19;13;1;265,285;265,285;August
473;2019;8;31;57;1;1480,235;1480,235;August
474;2019;8;44;14;3;107,35;322,04999999999995;August
475;2019;8;44;16;4;569,395;2277,58;August
476;2019;8;31;39;1;81,5;81,5;August
477;2019;8;72;59;6;417,94;2507,64;August
478;2019;8;72;39;2;283,46;566,92;August
479;2019;8;66;43;4;578,685;2314,74;August
480;2019;8;66;57;1;54,79;54,79;August
481;2019;8;21;25;2;175,0;350,0;August
482;2019;8;66;19;13;646,215;8400,795;August
483;2019;8;6;12;1;-137,08;-137,08;August
484;2019;8;44;17;1;73,1;73,1;August
485;2019;8;62;27;27;320,0;8640,0;August
486;2019;8;55;20;4;5732,45;22929,8;August
487;2019;8;44;2;1;69,0;69,0;August
488;2019;8;72;35;1;92,54;92,54;August
489;2019;8;72;56;5;873,705;4368,525000000001;August
490;2019;8;72;15;1;157,52;157,52;August
491;2019;8;31;56;1;157,305;157,305;August
492;2019;8;72;42;2;233,42;466,84;August
493;2019;8;64;26;4;993,07;3972,28;August
494;2019;8;66;16;11;1052,615;11578,765;August
495;2019;8;72;9;3;386,555;1159,665;August
496;2019;8;31;35;5;43908,04;219540,2;August
497;2019;8;66;35;6;341,63;2049,7799999999997;August
498;2019;8;55;12;1;25766,23;25766,23;August
499;2019;8;66;56;6;348,655;2091,93;August
500;2019;8;62;22;4;2532,45;10129,8;August
501;2019;8;72;1;1;349,15;349,15;August
502;2019;8;23;16;2;3410,83;6821,66;August
503;2019;8;72;55;1;289,75;289,75;August
504;2019;8;44;1;1;86,25;86,25;August
505;2019;8;44;9;1;68,195;68,195;August
506;2019;8;66;9;1;105,265;105,265;August
507;2019;8;72;41;3;667,885;2003,655;August
508;2019;8;31;14;1;210,17;210,17;August
509;2019;8;72;44;2;2123,405;4246,81;August
510;2019;8;66;59;3;53,68;161,04;August
511;2019;8;66;55;7;744,665;5212,655;August
512;2019;8;72;14;10;6058,185;60581,850000000006;August
513;2019;8;44;38;7;290,455;2033,185;August
514;2019;8;66;17;2;2165,27;4330,54;August
515;2019;8;21;56;1;54,5;54,5;August
516;2019;8;72;2;5;399,375;1996,875;August
517;2019;8;72;17;2;370,21;740,42;August
518;2019;8;31;55;1;274,295;274,295;August
519;2019;8;72;13;1;90,195;90,195;August
520;2019;8;72;46;2;410,88;821,76;August
521;2019;8;44;12;6;1055,735;6334,41;August
522;2019;8;66;38;2;440,785;881,57;August
523;2019;8;44;59;1;71,25;71,25;August
524;2019;8;77;20;1;2319,855;2319,855;August
525;2019;8;78;25;1;50,0;50,0;August
526;2019;8;72;20;1;2154,725;2154,725;August
527;2019;8;72;47;1;86,43;86,43;August
528;2019;8;44;42;14;349,85;4897,900000000001;August
529;2019;8;66;58;1;236,755;236,755;August
530;2019;9;72;12;13;1109,27;14420,51;September
531;2019;9;66;20;10;253,825;2538,25;September
532;2019;9;35;22;1;273,97;273,97;September
533;2019;9;64;22;2;200,54;401,08;September
534;2019;9;72;39;1;621,07;621,07;September
535;2019;9;72;59;1;102,705;102,705;September
536;2019;9;44;16;13;560,895;7291,635;September
537;2019;9;66;17;1;59,795;59,795;September
538;2019;9;66;44;2;243,03;486,06;September
539;2019;9;72;1;13;1399,175;18189,274999999998;September
540;2019;9;72;35;2;291,17;582,34;September
541;2019;9;31;9;3;149,0;447,0;September
542;2019;9;44;42;2;69,0;138,0;September
543;2019;9;21;16;1;855,115;855,115;September
544;2019;9;66;16;20;1257,755;25155,100000000002;September
545;2019;9;6;17;1;73,085;73,085;September
546;2019;9;66;1;3;145,6;436,79999999999995;September
547;2019;9;44;38;5;493,295;2466,475;September
548;2019;9;72;38;9;1776,735;15990,615;September
549;2019;9;66;14;1;51,785;51,785;September
550;2019;9;31;57;4;1747,73;6990,92;September
551;2019;9;72;2;2;110,255;220,51;September
552;2019;9;66;42;2;244,25;488,5;September
553;2019;9;72;9;12;2423,415;29080,98;September
554;2019;9;44;17;2;74,0;148,0;September
555;2019;9;75;27;3;106,835;320,505;September
556;2019;9;66;35;1;60,12;60,12;September
557;2019;9;44;9;5;161,325;806,625;September
558;2019;9;66;56;1;96,415;96,415;September
559;2019;9;72;44;2;667,705;1335,41;September
560;2019;9;44;57;1;354,95;354,95;September
561;2019;9;72;55;2;51,85;103,7;September
562;2019;9;66;39;3;241,96;725,88;September
563;2019;9;72;14;2;389,935;779,87;September
564;2019;9;64;16;1;66,795;66,795;September
565;2019;9;72;16;13;2824,355;36716,615;September
566;2019;9;66;9;5;357,96;1789,8;September
567;2019;9;42;20;1;1569,875;1569,875;September
568;2019;9;21;57;1;3740,865;3740,865;September
569;2019;9;23;16;2;50,0;100,0;September
570;2019;9;72;17;1;95,415;95,415;September
571;2019;9;31;20;1;457,26;457,26;September
572;2019;9;31;16;4;308,275;1233,1;September
573;2019;9;35;20;1;67,88;67,88;September
574;2019;9;31;14;1;141,59;141,59;September
575;2019;9;66;59;1;71,42;71,42;September
576;2019;9;44;54;1;997,3;997,3;September
577;2019;9;72;20;2;430,4;860,8;September
578;2019;9;62;22;2;100,0;200,0;September
579;2019;9;44;12;10;890,405;8904,05;September
580;2019;9;62;27;31;360,0;11160,0;September
581;2019;9;66;19;4;1198,405;4793,62;September
582;2019;9;72;54;1;108,34;108,34;September
583;2019;9;66;57;2;53,57;107,14;September
584;2019;9;68;22;1;0,0;0,0;September
585;2019;9;21;20;2;431,315;862,63;September
586;2019;9;66;38;9;1930,86;17377,739999999998;September
587;2019;9;13;16;1;54,925;54,925;September
588;2019;9;72;41;1;424,28;424,28;September
589;2019;9;75;22;1;50,0;50,0;September
590;2019;9;44;39;1;59,5;59,5;September
591;2019;9;78;25;1;50,0;50,0;September
592;2019;9;74;42;1;1478,695;1478,695;September
593;2019;10;66;17;8;5586,755;44694,04;October
594;2019;10;77;20;2;10924,18;21848,36;October
595;2019;10;44;42;3;101,08;303,24;October
596;2019;10;62;22;3;206,085;618,255;October
597;2019;10;66;47;1;51,785;51,785;October
598;2019;10;72;39;2;1447,145;2894,29;October
599;2019;10;44;9;6;189,07;1134,42;October
600;2019;10;23;16;1;736,635;736,635;October
601;2019;10;31;39;1;81,5;81,5;October
602;2019;10;44;59;1;71,25;71,25;October
603;2019;10;44;16;9;3519,065;31671,585;October
604;2019;10;66;35;2;-45,085;-90,17;October
605;2019;10;21;17;1;74,675;74,675;October
606;2019;10;72;2;4;57,855;231,42;October
607;2019;10;64;2;1;76,71;76,71;October
608;2019;10;44;12;11;1004,175;11045,925;October
609;2019;10;6;12;1;70,0;70,0;October
610;2019;10;66;20;8;1335,735;10685,88;October
611;2019;10;72;12;15;1206,21;18093,15;October
612;2019;10;72;43;3;515,475;1546,4250000000002;October
613;2019;10;31;12;3;1650,28;4950,84;October
614;2019;10;79;12;2;138,63;277,26;October
615;2019;10;66;16;18;693,195;12477,51;October
616;2019;10;72;19;1;1142,6;1142,6;October
617;2019;10;31;57;6;1689,42;10136,52;October
618;2019;10;72;1;4;1154,0;4616,0;October
619;2019;10;44;38;4;101,415;405,66;October
620;2019;10;64;27;1;625,95;625,95;October
621;2019;10;56;17;1;968,63;968,63;October
622;2019;10;23;20;1;49,085;49,085;October
623;2019;10;72;57;4;2562,58;10250,32;October
624;2019;10;66;19;9;889,905;8009,1449999999995;October
625;2019;10;64;22;1;73,235;73,235;October
626;2019;10;44;20;1;122,5;122,5;October
627;2019;10;72;16;12;3449,125;41389,5;October
628;2019;10;72;56;2;954,01;1908,02;October
629;2019;10;72;59;2;314,205;628,41;October
630;2019;10;72;35;21;-6215,88;-130533,48;October
631;2019;10;66;57;5;331,56;1657,8;October
632;2019;10;64;16;3;73,205;219,615;October
633;2019;10;55;20;1;86,0;86,0;October
634;2019;10;31;16;4;12111,675;48446,7;October
635;2019;10;62;27;5;109,99;549,9499999999999;October
636;2019;10;75;22;5;721,165;3605,825;October
637;2019;10;44;39;1;63,73;63,73;October
638;2019;10;31;35;3;-5,885;-17,655;October
639;2019;10;66;38;7;774,055;5418,384999999999;October
640;2019;10;66;13;1;241,785;241,785;October
641;2019;10;72;42;1;162,64;162,64;October
642;2019;10;35;55;1;183,095;183,095;October
643;2019;10;66;1;6;1968,035;11808,210000000001;October
644;2019;10;72;18;1;-335,575;-335,575;October
645;2019;10;72;38;7;2803,375;19623,625;October
646;2019;10;72;9;8;2530,48;20243,84;October
647;2019;10;72;47;1;81,88;81,88;October
648;2019;10;72;55;2;307,22;614,44;October
649;2019;10;66;9;1;308,825;308,825;October
650;2019;10;78;25;1;50,0;50,0;October
651;2019;10;66;43;5;394,525;1972,625;October
652;2019;10;31;42;1;110,26;110,26;October
653;2019;10;43;17;3;633,415;1900,245;October
654;2019;10;44;19;1;1220,8;1220,8;October
655;2019;10;66;42;1;71,455;71,455;October
656;2019;10;24;22;1;100,0;100,0;October
657;2019;10;72;14;3;994,66;2983,98;October
658;2019;10;31;38;3;167,425;502,27500000000003;October
659;2019;10;66;39;2;80,35;160,7;October
660;2019;11;77;20;1;8850,0;8850,0;November
661;2019;11;21;16;1;87,33;87,33;November
662;2019;11;66;14;1;51,785;51,785;November
663;2019;11;24;25;1;50,0;50,0;November
664;2019;11;72;43;4;652,835;2611,34;November
665;2019;11;72;13;1;152,355;152,355;November
666;2019;11;72;20;3;229,955;689,865;November
667;2019;11;13;16;2;68,07;136,14;November
668;2019;11;78;25;1;50,0;50,0;November
669;2019;11;66;9;4;403,415;1613,66;November
670;2019;11;72;2;2;53,0;106,0;November
671;2019;11;79;2;1;350,665;350,665;November
672;2019;11;64;27;1;62,0;62,0;November
673;2019;11;72;47;1;448,23;448,23;November
674;2019;11;44;9;2;101,87;203,74;November
675;2019;11;55;19;1;4204,635;4204,635;November
676;2019;11;64;1;1;141,455;141,455;November
677;2019;11;44;35;4;25,39;101,56;November
678;2019;11;72;17;1;786,975;786,975;November
679;2019;11;66;38;5;617,585;3087,925;November
680;2019;11;55;11;1;67,25;67,25;November
681;2019;11;75;25;1;50,0;50,0;November
682;2019;11;31;57;9;4595,255;41357,295;November
683;2019;11;66;17;6;958,07;5748,42;November
684;2019;11;66;52;1;274,795;274,795;November
685;2019;11;44;19;1;73,75;73,75;November
686;2019;11;31;37;1;6656,935;6656,935;November
687;2019;11;66;42;1;190,775;190,775;November
688;2019;11;44;12;1;69,0;69,0;November
689;2019;11;44;38;15;504,81;7572,15;November
690;2019;11;66;56;1;79,475;79,475;November
691;2019;11;72;1;3;263,53;790,5899999999999;November
692;2019;11;56;17;1;11672,69;11672,69;November
693;2019;11;66;16;18;1071,62;19289,159999999996;November
694;2019;11;23;9;1;33,32;33,32;November
695;2019;11;74;12;1;703,835;703,835;November
696;2019;11;31;38;3;103,25;309,75;November
697;2019;11;72;35;16;-4990,125;-79842,0;November
698;2019;11;62;27;6;170,24;1021,44;November
699;2019;11;44;13;1;76,1;76,1;November
700;2019;11;66;1;5;147,435;737,175;November
701;2019;11;31;58;1;97,19;97,19;November
702;2019;11;72;9;9;2168,84;19519,56;November
703;2019;11;44;16;4;173,665;694,66;November
704;2019;11;72;52;3;2230,885;6692,655000000001;November
705;2019;11;66;57;2;980,0;1960,0;November
706;2019;11;31;52;1;87,5;87,5;November
707;2019;11;6;12;1;70,0;70,0;November
708;2019;11;66;43;2;196,65;393,3;November
709;2019;11;66;19;2;81,655;163,31;November
710;2019;11;72;16;16;440,355;7045,68;November
711;2019;11;31;9;1;1278,43;1278,43;November
712;2019;11;72;57;3;163,825;491,47499999999997;November
713;2019;11;72;59;1;80,0;80,0;November
714;2019;11;31;16;4;2104,645;8418,58;November
715;2019;11;31;12;1;665,87;665,87;November
716;2019;11;66;20;2;75,51;151,02;November
717;2019;11;66;2;1;72,995;72,995;November
718;2019;11;23;20;1;1896,43;1896,43;November
719;2019;11;72;19;2;218,155;436,31;November
720;2019;11;64;22;3;685,265;2055,795;November
721;2019;11;72;12;8;247,51;1980,08;November
722;2019;11;72;42;2;399,49;798,98;November
723;2019;11;72;38;5;937,85;4689,25;November
724;2019;11;66;39;3;68,925;206,77499999999998;November
725;2019;12;72;47;4;1384,155;5536,62;December
726;2019;12;66;38;8;1280,02;10240,16;December
727;2019;12;66;42;1;56,62;56,62;December
728;2019;12;72;41;2;673,37;1346,74;December
729;2019;12;66;19;4;182,07;728,28;December
730;2019;12;66;16;12;386,89;4642,68;December
731;2019;12;55;38;3;507,22;1521,66;December
732;2019;12;42;1;1;207,48;207,48;December
733;2019;12;72;58;1;125,585;125,585;December
734;2019;12;66;52;1;113,77;113,77;December
735;2019;12;72;44;1;100,865;100,865;December
736;2019;12;72;20;1;50,0;50,0;December
737;2019;12;66;39;1;57,73;57,73;December
738;2019;12;31;16;5;6788,89;33944,450000000004;December
739;2019;12;44;42;1;59,5;59,5;December
740;2019;12;55;35;5;2081,74;10408,699999999999;December
741;2019;12;44;12;2;99,4;198,8;December
742;2019;12;64;16;2;128,39;256,78;December
743;2019;12;55;42;1;1715,345;1715,345;December
744;2019;12;72;16;12;2299,98;27599,760000000002;December
745;2019;12;77;20;1;8960,0;8960,0;December
746;2019;12;66;56;3;177,465;532,395;December
747;2019;12;66;35;4;589,64;2358,56;December
748;2019;12;55;12;1;196,805;196,805;December
749;2019;12;83;20;1;147,715;147,715;December
750;2019;12;44;9;1;69,0;69,0;December
751;2019;12;31;17;1;51,5;51,5;December
752;2019;12;44;19;1;73,75;73,75;December
753;2019;12;66;9;7;390,18;2731,26;December
754;2019;12;55;39;1;19110,9;19110,9;December
755;2019;12;13;16;1;56,49;56,49;December
756;2019;12;75;25;6;50,0;300,0;December
757;2019;12;31;20;1;610,335;610,335;December
758;2019;12;78;25;1;50,0;50,0;December
759;2019;12;31;57;2;154,37;308,74;December
760;2019;12;23;20;1;70,78;70,78;December
761;2019;12;72;9;9;1839,405;16554,645;December
762;2019;12;72;2;1;341,675;341,675;December
763;2019;12;77;2;1;0,0;0,0;December
764;2019;12;72;19;3;571,52;1714,56;December
765;2019;12;44;52;1;69,0;69,0;December
766;2019;12;66;1;5;123,45;617,25;December
767;2019;12;44;35;2;73,75;147,5;December
768;2019;12;55;11;1;99,65;99,65;December
769;2019;12;72;38;7;1629,35;11405,449999999999;December
770;2019;12;44;38;10;738,395;7383,95;December
771;2019;12;66;17;6;574,745;3448,4700000000003;December
772;2019;12;55;20;7;5526,5;38685,5;December
773;2019;12;66;2;2;102,04;204,08;December
774;2019;12;31;38;5;741,44;3707,2000000000003;December
775;2019;12;21;20;1;74,59;74,59;December
776;2019;12;31;35;2;492,03;984,06;December
777;2019;12;55;16;1;125950,595;125950,595;December
778;2019;12;44;20;1;123,605;123,605;December
779;2019;12;72;1;1;606,23;606,23;December
780;2019;12;31;9;4;7310,08;29240,32;December
781;2019;12;72;56;1;223,235;223,235;December
782;2019;12;72;35;3;94,955;284,865;December
783;2019;12;66;43;3;145,865;437,595;December
784;2019;12;72;42;1;100,37;100,37;December
785;2019;12;35;22;1;57,5;57,5;December
786;2019;12;66;20;2;130,825;261,65;December
787;2019;12;55;37;4;581,425;2325,7;December
788;2019;12;44;16;5;211,53;1057,65;December
789;2019;12;72;12;13;913,205;11871,665;December
790;2019;12;72;52;1;252,395;252,395;December
791;2019;12;31;42;2;214,74;429,48;December
792;2019;12;72;59;2;1484,345;2968,69;December
793;2019;12;13;1;1;97,435;97,435;December
794;2019;12;66;47;1;64,995;64,995;December
795;2020;1;66;16;8;1286,77;10294,16;January
796;2020;1;33;19;1;84,82;84,82;January
797;2020;1;6;22;2;201,04;402,08;January
798;2020;1;23;2;1;55,59;55,59;January
799;2020;1;44;56;1;121,04;121,04;January
800;2020;1;66;14;1;57,575;57,575;January
801;2020;1;44;35;1;59,5;59,5;January
802;2020;1;21;16;1;154,23;154,23;January
803;2020;1;55;38;1;29652,37;29652,37;January
804;2020;1;72;13;1;109,325;109,325;January
805;2020;1;72;36;6;6538,515;39231,090000000004;January
806;2020;1;72;57;5;529,425;2647,125;January
807;2020;1;78;25;1;50,0;50,0;January
808;2020;1;75;37;3;-52,64;-157,92000000000002;January
809;2020;1;31;19;2;1981,745;3963,49;January
810;2020;1;72;47;2;437,17;874,34;January
811;2020;1;31;2;1;1324,06;1324,06;January
812;2020;1;31;39;1;70,0;70,0;January
813;2020;1;44;9;2;108,0;216,0;January
814;2020;1;44;16;6;831,175;4987,049999999999;January
815;2020;1;72;39;2;2435,98;4871,96;January
816;2020;1;66;38;5;417,065;2085,325;January
817;2020;1;72;19;6;556,64;3339,84;January
818;2020;1;13;18;1;50,045;50,045;January
819;2020;1;66;35;2;235,775;471,55;January
820;2020;1;55;16;3;28328,525;84985,57500000001;January
821;2020;1;72;44;1;218,055;218,055;January
822;2020;1;72;2;2;1874,005;3748,01;January
823;2020;1;72;1;2;661,87;1323,74;January
824;2020;1;23;16;2;719,605;1439,21;January
825;2020;1;44;38;4;362,285;1449,14;January
826;2020;1;31;20;3;799,17;2397,5099999999998;January
827;2020;1;55;35;1;79,625;79,625;January
828;2020;1;44;12;5;602,43;3012,1499999999996;January
829;2020;1;72;20;3;3122,05;9366,150000000001;January
830;2020;1;44;42;3;77,5;232,5;January
831;2020;1;72;14;6;2773,23;16639,38;January
832;2020;1;55;42;1;2596,77;2596,77;January
833;2020;1;66;46;1;483,5;483,5;January
834;2020;1;66;17;5;320,96;1604,8;January
835;2020;1;77;20;1;8850,0;8850,0;January
836;2020;1;72;58;1;88,095;88,095;January
837;2020;1;31;14;1;1855,635;1855,635;January
838;2020;1;44;20;1;112,5;112,5;January
839;2020;1;66;57;3;201,04;603,12;January
840;2020;1;31;38;3;-6,545;-19,634999999999998;January
841;2020;1;31;58;1;270,605;270,605;January
842;2020;1;72;38;6;2368,275;14209,650000000001;January
843;2020;1;72;18;1;333,235;333,235;January
844;2020;1;31;18;1;2177,31;2177,31;January
845;2020;1;66;19;15;792,46;11886,900000000001;January
846;2020;1;6;16;1;70,0;70,0;January
847;2020;1;72;9;7;-2522,425;-17656,975000000002;January
848;2020;1;72;15;2;1063,68;2127,36;January
849;2020;1;23;9;1;19380,075;19380,075;January
850;2020;1;6;12;4;90,0;360,0;January
851;2020;1;66;36;3;196,32;588,96;January
852;2020;1;66;42;1;71,42;71,42;January
853;2020;1;72;55;1;397,87;397,87;January
854;2020;1;66;9;1;51,785;51,785;January
855;2020;1;31;12;2;357,325;714,65;January
856;2020;1;21;37;2;50,0;100,0;January
857;2020;1;72;59;1;327,9;327,9;January
858;2020;1;66;20;10;660,205;6602,05;January
859;2020;1;72;17;7;4392,39;30746,730000000003;January
860;2020;1;64;22;2;224,52;449,04;January
861;2020;1;72;12;7;-361,63;-2531,41;January
862;2020;1;13;16;1;136,925;136,925;January
863;2020;1;55;37;2;50,0;100,0;January
864;2020;1;31;17;1;100,255;100,255;January
865;2020;1;66;43;2;203,955;407,91;January
866;2020;1;72;42;3;503,175;1509,525;January
867;2020;1;31;35;6;148598,29;891589,74;January
868;2020;1;72;56;1;319,14;319,14;January
869;2020;1;66;2;3;1051,94;3155,82;January
870;2020;1;55;20;4;7721,405;30885,62;January
871;2020;1;31;16;30;7033,79;211013,7;January
872;2020;1;72;16;8;5112,605;40900,84;January
873;2020;1;72;35;3;-69,925;-209,77499999999998;January
874;2020;2;66;56;1;71,42;71,42;February
875;2020;2;44;19;1;26,25;26,25;February
876;2020;2;66;46;2;1411,06;2822,12;February
877;2020;2;66;59;4;176,535;706,14;February
878;2020;2;33;2;1;80,64;80,64;February
879;2020;2;66;17;2;88,425;176,85;February
880;2020;2;72;1;1;2031,23;2031,23;February
881;2020;2;72;14;2;310,75;621,5;February
882;2020;2;44;38;4;94,375;377,5;February
883;2020;2;66;16;13;491,685;6391,905;February
884;2020;2;72;46;1;1852,79;1852,79;February
885;2020;2;44;56;1;81,615;81,615;February
886;2020;2;72;17;1;52,15;52,15;February
887;2020;2;72;16;12;708,115;8497,380000000001;February
888;2020;2;72;2;5;984,905;4924,525;February
889;2020;2;44;9;1;73,75;73,75;February
890;2020;2;44;42;1;73,75;73,75;February
891;2020;2;66;9;1;107,23;107,23;February
892;2020;2;66;38;3;546,115;1638,345;February
893;2020;2;72;20;5;1743,94;8719,7;February
894;2020;2;78;25;1;50,0;50,0;February
895;2020;2;31;20;2;602,075;1204,15;February
896;2020;2;72;47;1;50,96;50,96;February
897;2020;2;75;37;1;-572,26;-572,26;February
898;2020;2;66;58;1;100,97;100,97;February
899;2020;2;44;59;4;137,5;550,0;February
900;2020;2;44;12;4;130,75;523,0;February
901;2020;2;31;43;1;76,25;76,25;February
902;2020;2;54;9;1;100,0;100,0;February
903;2020;2;31;12;1;488,235;488,235;February
904;2020;2;72;38;7;2379,75;16658,25;February
905;2020;2;64;18;1;310,73;310,73;February
906;2020;2;21;16;2;103,7;207,4;February
907;2020;2;72;43;2;2380,86;4761,72;February
908;2020;2;31;38;1;217,165;217,165;February
909;2020;2;72;12;3;268,85;806,5500000000001;February
910;2020;2;66;14;3;624,3;1872,8999999999999;February
911;2020;2;66;1;5;340,33;1701,6499999999999;February
912;2020;2;31;9;1;739,005;739,005;February
913;2020;2;72;57;3;181,315;543,9449999999999;February
914;2020;2;72;19;8;1840,095;14720,76;February
915;2020;2;66;47;1;258,59;258,59;February
916;2020;2;13;1;1;121,3;121,3;February
917;2020;2;72;39;4;232,1;928,4;February
918;2020;2;66;2;2;92,74;185,48;February
919;2020;2;31;16;7;1273,22;8912,54;February
920;2020;2;31;57;2;626,245;1252,49;February
921;2020;2;72;59;4;133,35;533,4;February
922;2020;2;31;39;1;144,035;144,035;February
923;2020;2;23;43;1;729,035;729,035;February
924;2020;2;44;16;4;216,42;865,68;February
925;2020;2;66;19;10;229,31;2293,1;February
926;2020;2;66;57;1;51,79;51,79;February
927;2020;2;44;20;1;65,75;65,75;February
928;2020;2;66;43;2;320,5;641,0;February
929;2020;2;55;20;7;6693,925;46857,475;February
930;2020;2;72;35;4;199,745;798,98;February
931;2020;2;72;56;1;118,975;118,975;February
932;2020;2;21;2;1;21,375;21,375;February
933;2020;2;44;17;1;64,0;64,0;February
934;2020;2;31;42;1;52,0;52,0;February
935;2020;2;66;13;1;71,435;71,435;February
936;2020;2;72;9;2;233,935;467,87;February
937;2020;2;31;35;2;60,39;120,78;February
938;2020;2;6;12;4;-212,245;-848,98;February
939;2020;2;66;27;1;55,76;55,76;February
940;2020;2;72;15;1;96,64;96,64;February
941;2020;3;64;16;1;135,085;135,085;March
942;2020;3;66;42;2;95,0;190,0;March
943;2020;3;64;25;1;1112,18;1112,18;March
944;2020;3;31;16;13;10563,695;137328,035;March
945;2020;3;44;9;3;131,75;395,25;March
946;2020;3;72;17;1;54,6;54,6;March
947;2020;3;72;16;8;678,785;5430,28;March
948;2020;3;66;15;1;60,625;60,625;March
949;2020;3;55;19;1;1168,215;1168,215;March
950;2020;3;21;9;1;238,485;238,485;March
951;2020;3;66;35;1;239,345;239,345;March
952;2020;3;66;39;3;83,655;250,965;March
953;2020;3;6;20;1;89,375;89,375;March
954;2020;3;44;12;1;69,0;69,0;March
955;2020;3;72;20;3;549,42;1648,2599999999998;March
956;2020;3;72;14;2;786,335;1572,67;March
957;2020;3;6;16;3;121,25;363,75;March
958;2020;3;66;19;6;187,43;1124,58;March
959;2020;3;62;27;1;58,0;58,0;March
960;2020;3;21;12;1;40,14;40,14;March
961;2020;3;55;42;1;1185,13;1185,13;March
962;2020;3;31;20;5;536,175;2680,875;March
963;2020;3;24;26;2;898,525;1797,05;March
964;2020;3;21;20;1;30301,38;30301,38;March
965;2020;3;66;57;4;382,055;1528,22;March
966;2020;3;72;35;10;13514,96;135149,59999999998;March
967;2020;3;31;52;1;81,5;81,5;March
968;2020;3;55;37;1;170,48;170,48;March
969;2020;3;54;20;1;292,65;292,65;March
970;2020;3;66;9;4;119,385;477,54;March
971;2020;3;78;25;1;50,0;50,0;March
972;2020;3;66;20;4;170,835;683,34;March
973;2020;3;44;13;3;138,0;414,0;March
974;2020;3;72;47;1;1985,865;1985,865;March
975;2020;3;72;12;8;352,665;2821,32;March
976;2020;3;66;6;1;2006,845;2006,845;March
977;2020;3;66;17;2;841,965;1683,93;March
978;2020;3;31;12;1;271,915;271,915;March
979;2020;3;66;16;6;176,985;1061,91;March
980;2020;3;44;38;3;85,625;256,875;March
981;2020;3;72;1;2;-1084,425;-2168,85;March
982;2020;3;54;26;1;-61874,485;-61874,485;March
983;2020;3;31;35;1;58,655;58,655;March
984;2020;3;66;13;4;101,265;405,06;March
985;2020;3;55;20;12;14403,96;172847,52;March
986;2020;3;72;42;2;117,755;235,51;March
987;2020;3;72;9;8;873,76;6990,08;March
988;2020;3;44;42;1;73,75;73,75;March
989;2020;3;55;35;1;919,965;919,965;March
990;2020;3;55;58;2;234,56;469,12;March
991;2020;3;31;38;2;93,75;187,5;March
992;2020;3;66;14;5;270,525;1352,625;March
993;2020;3;72;38;4;638,97;2555,88;March
994;2020;3;77;20;2;17650,0;35300,0;March
995;2020;3;72;13;6;311,055;1866,33;March
996;2020;3;72;43;3;796,785;2390,355;March
997;2020;3;31;13;1;289,915;289,915;March
998;2020;3;23;1;1;659,53;659,53;March
999;2020;3;44;17;2;85,0;170,0;March
1000;2020;3;35;27;1;55,25;55,25;March
1001;2020;3;6;12;8;374,87;2998,96;March
1002;2020;3;44;16;4;145,54;582,16;March
1003;2020;3;72;19;3;5741,105;17223,315;March
1004;2020;3;21;17;1;50,0;50,0;March
1005;2020;3;72;57;4;569,41;2277,64;March
1006;2020;3;31;57;3;1062,59;3187,7699999999995;March
1007;2020;3;75;27;1;50,005;50,005;March
1008;2020;3;72;2;4;2333,305;9333,22;March
1009;2020;4;21;20;3;819,64;2458,92;April
1010;2020;4;72;59;2;232,42;464,84;April
1011;2020;4;31;17;1;385,235;385,235;April
1012;2020;4;31;9;2;73,75;147,5;April
1013;2020;4;31;16;6;-925,155;-5550,93;April
1014;2020;4;72;56;1;1300,865;1300,865;April
1015;2020;4;72;35;7;-883,565;-6184,955;April
1016;2020;4;72;16;12;6820,175;81842,1;April
1017;2020;4;66;19;6;420,165;2520,9900000000002;April
1018;2020;4;31;35;4;158,025;632,1;April
1019;2020;4;64;16;2;177,655;355,31;April
1020;2020;4;66;2;1;298,61;298,61;April
1021;2020;4;55;20;10;6001,41;60014,1;April
1022;2020;4;72;17;3;298,095;894,2850000000001;April
1023;2020;4;31;52;1;130,75;130,75;April
1024;2020;4;6;19;1;81,89;81,89;April
1025;2020;4;13;16;1;192,465;192,465;April
1026;2020;4;66;13;3;618,355;1855,065;April
1027;2020;4;66;9;3;177,215;531,645;April
1028;2020;4;21;2;1;61,015;61,015;April
1029;2020;4;64;12;1;70,25;70,25;April
1030;2020;4;78;25;1;50,0;50,0;April
1031;2020;4;72;46;1;137,475;137,475;April
1032;2020;4;66;43;2;131,25;262,5;April
1033;2020;4;66;38;1;73,4;73,4;April
1034;2020;4;72;12;8;473,25;3786,0;April
1035;2020;4;6;16;2;127,955;255,91;April
1036;2020;4;72;38;6;845,885;5075,3099999999995;April
1037;2020;4;66;42;4;202,295;809,18;April
1038;2020;4;72;9;5;999,835;4999,175;April
1039;2020;4;44;19;1;73,75;73,75;April
1040;2020;4;66;36;1;60,71;60,71;April
1041;2020;4;64;26;2;201,78;403,56;April
1042;2020;4;44;27;2;2328,225;4656,45;April
1043;2020;4;66;1;1;71,42;71,42;April
1044;2020;4;19;26;1;-34795,89;-34795,89;April
1045;2020;4;44;13;1;108,145;108,145;April
1046;2020;4;66;57;1;179,8;179,8;April
1047;2020;4;31;13;1;72,5;72,5;April
1048;2020;4;66;46;1;90,9;90,9;April
1049;2020;4;66;39;1;139,03;139,03;April
1050;2020;4;72;14;1;111,59;111,59;April
1051;2020;4;21;25;1;50,0;50,0;April
1052;2020;4;66;17;6;112,36;674,16;April
1053;2020;4;44;42;2;118,895;237,79;April
1054;2020;4;83;2;1;27,845;27,845;April
1055;2020;4;72;13;4;527,38;2109,52;April
1056;2020;4;31;39;1;112,5;112,5;April
1057;2020;4;44;16;6;241,245;1447,47;April
1058;2020;4;31;20;7;32513,05;227591,35;April
1059;2020;4;72;2;17;5819,895;98938,21500000001;April
1060;2020;4;44;12;5;720,13;3600,65;April
1061;2020;4;6;12;2;407,415;814,83;April
1062;2020;4;44;52;1;73,75;73,75;April
1063;2020;4;72;57;5;750,31;3751,5499999999997;April
1064;2020;4;21;12;1;84,49;84,49;April
1065;2020;4;44;9;2;115,25;230,5;April
1066;2020;4;72;20;5;1743,215;8716,074999999999;April
1067;2020;4;66;35;1;676,825;676,825;April
1068;2020;4;31;2;2;2644,39;5288,78;April
1069;2020;4;41;2;1;-531,705;-531,705;April
1070;2020;4;72;19;3;2868,07;8604,210000000001;April
1071;2020;4;31;12;4;3243,45;12973,8;April
1072;2020;4;66;14;3;306,53;919,5899999999999;April
1073;2020;4;31;19;1;349,045;349,045;April
1074;2020;4;35;27;3;2994,425;8983,275000000001;April
1075;2020;4;31;57;4;334,6;1338,4;April
1076;2020;4;44;38;3;104,35;313,04999999999995;April
1077;2020;4;66;16;10;476,64;4766,4;April
1078;2020;5;66;36;1;127,195;127,195;May
1079;2020;5;72;35;4;140,27;561,08;May
1080;2020;5;55;20;2;357,55;715,1;May
1081;2020;5;31;38;1;68,75;68,75;May
1082;2020;5;44;46;1;66,95;66,95;May
1083;2020;5;6;16;3;358,47;1075,41;May
1084;2020;5;72;9;13;2257,735;29350,555;May
1085;2020;5;44;17;2;112,235;224,47;May
1086;2020;5;41;11;2;1683,675;3367,35;May
1087;2020;5;31;35;2;18,605;37,21;May
1088;2020;5;66;13;1;51,785;51,785;May
1089;2020;5;72;15;2;142,035;284,07;May
1090;2020;5;72;52;1;50,85;50,85;May
1091;2020;5;66;57;8;649,7;5197,6;May
1092;2020;5;6;37;1;50,0;50,0;May
1093;2020;5;66;19;4;93,075;372,3;May
1094;2020;5;55;27;2;209,54;419,08;May
1095;2020;5;31;52;1;87,5;87,5;May
1096;2020;5;66;43;2;115,14;230,28;May
1097;2020;5;72;39;1;164,835;164,835;May
1098;2020;5;64;16;2;1373,51;2747,02;May
1099;2020;5;72;16;18;4986,765;89761,77;May
1100;2020;5;31;57;5;12490,235;62451,175;May
1101;2020;5;66;39;1;223,07;223,07;May
1102;2020;5;66;2;3;279,76;839,28;May
1103;2020;5;44;16;8;232,265;1858,12;May
1104;2020;5;44;13;1;69,0;69,0;May
1105;2020;5;6;12;8;354,315;2834,52;May
1106;2020;5;55;37;1;368,425;368,425;May
1107;2020;5;72;59;1;142,705;142,705;May
1108;2020;5;72;57;12;8011,595;96139,14;May
1109;2020;5;31;16;6;-38800,745;-232804,47000000003;May
1110;2020;5;31;12;3;58,365;175,095;May
1111;2020;5;72;12;3;267,235;801,705;May
1112;2020;5;64;18;1;68,555;68,555;May
1113;2020;5;64;38;1;59,0;59,0;May
1114;2020;5;66;1;1;738,555;738,555;May
1115;2020;5;72;38;12;1133,495;13601,939999999999;May
1116;2020;5;66;20;15;1189,07;17836,05;May
1117;2020;5;72;42;1;71,615;71,615;May
1118;2020;5;72;47;1;106,34;106,34;May
1119;2020;5;66;38;8;940,89;7527,12;May
1120;2020;5;72;20;6;2237,21;13423,26;May
1121;2020;5;44;42;2;69,0;138,0;May
1122;2020;5;77;20;1;11833,17;11833,17;May
1123;2020;5;66;14;1;174,26;174,26;May
1124;2020;5;21;35;1;-520,945;-520,945;May
1125;2020;5;72;46;1;6929,495;6929,495;May
1126;2020;5;35;27;1;50,0;50,0;May
1127;2020;5;72;2;15;3186,785;47801,774999999994;May
1128;2020;5;72;13;8;5403,43;43227,44;May
1129;2020;5;78;25;1;50,0;50,0;May
1130;2020;5;64;27;1;80,1;80,1;May
1131;2020;5;44;39;1;82,59;82,59;May
1132;2020;5;66;9;6;500,345;3002,07;May
1133;2020;5;31;39;2;201,405;402,81;May
1134;2020;5;44;27;5;126,0;630,0;May
1135;2020;5;66;17;4;1673,675;6694,7;May
1136;2020;5;66;46;2;988,405;1976,81;May
1137;2020;5;72;1;2;323,49;646,98;May
1138;2020;5;66;52;1;71,415;71,415;May
1139;2020;5;66;15;1;53,73;53,73;May
1140;2020;5;23;16;1;605,85;605,85;May
1141;2020;5;72;44;1;842,79;842,79;May
1142;2020;5;38;26;1;50,0;50,0;May
1143;2020;5;31;20;5;7419,29;37096,45;May
1144;2020;5;66;56;1;71,42;71,42;May
1145;2020;5;44;38;2;73,885;147,77;May
1146;2020;5;66;35;4;88,08;352,32;May
1147;2020;5;66;16;36;4677,375;168385,5;May
1148;2020;5;55;12;1;-1560,195;-1560,195;May
1149;2020;5;44;12;4;1396,72;5586,88;May
1150;2020;6;72;9;8;2515,305;20122,44;June
1151;2020;6;79;19;1;506,455;506,455;June
1152;2020;6;35;27;1;50,0;50,0;June
1153;2020;6;72;43;2;3470,86;6941,72;June
1154;2020;6;75;27;2;183,035;366,07;June
1155;2020;6;31;57;7;7259,79;50818,53;June
1156;2020;6;21;17;3;10117,84;30353,52;June
1157;2020;6;13;18;1;130,235;130,235;June
1158;2020;6;6;12;21;997,545;20948,445;June
1159;2020;6;72;57;6;9042,19;54253,14;June
1160;2020;6;66;14;1;120,915;120,915;June
1161;2020;6;72;13;4;4151,53;16606,12;June
1162;2020;6;6;22;1;112,5;112,5;June
1163;2020;6;31;38;1;109,965;109,965;June
1164;2020;6;75;37;1;120,96;120,96;June
1165;2020;6;72;19;3;619,67;1859,0099999999998;June
1166;2020;6;42;19;1;1033,605;1033,605;June
1167;2020;6;64;27;5;50,0;250,0;June
1168;2020;6;31;13;1;2692,645;2692,645;June
1169;2020;6;72;38;13;1590,595;20677,735;June
1170;2020;6;21;16;2;127,945;255,89;June
1171;2020;6;31;18;1;163,545;163,545;June
1172;2020;6;64;18;1;234,24;234,24;June
1173;2020;6;66;13;3;541,64;1624,92;June
1174;2020;6;31;35;2;170,1;340,2;June
1175;2020;6;66;17;3;754,3;2262,8999999999996;June
1176;2020;6;44;38;2;71,375;142,75;June
1177;2020;6;6;26;2;162,5;325,0;June
1178;2020;6;72;42;1;213,505;213,505;June
1179;2020;6;23;57;1;92,805;92,805;June
1180;2020;6;31;9;2;-987,585;-1975,17;June
1181;2020;6;38;26;1;144,47;144,47;June
1182;2020;6;72;35;10;422,815;4228,15;June
1183;2020;6;55;20;9;39846,89;358622,01;June
1184;2020;6;31;39;1;251,505;251,505;June
1185;2020;6;44;16;7;315,62;2209,34;June
1186;2020;6;31;42;1;593,83;593,83;June
1187;2020;6;72;12;11;1235,6;13591,599999999999;June
1188;2020;6;21;25;1;50,0;50,0;June
1189;2020;6;66;20;10;826,59;8265,9;June
1190;2020;6;68;27;3;50,03;150,09;June
1191;2020;6;55;17;1;1133,135;1133,135;June
1192;2020;6;72;59;1;145,7;145,7;June
1193;2020;6;24;27;1;125,925;125,925;June
1194;2020;6;75;22;5;461,125;2305,625;June
1195;2020;6;72;52;2;2560,19;5120,38;June
1196;2020;6;31;12;1;269,12;269,12;June
1197;2020;6;72;39;1;62,35;62,35;June
1198;2020;6;6;25;3;169,85;509,54999999999995;June
1199;2020;6;66;18;4;78,795;315,18;June
1200;2020;6;44;27;1;59,5;59,5;June
1201;2020;6;21;2;1;48,04;48,04;June
1202;2020;6;6;16;4;206,935;827,74;June
1203;2020;6;66;38;3;334,375;1003,125;June
1204;2020;6;55;19;2;2695,535;5391,07;June
1205;2020;6;24;25;1;50,0;50,0;June
1206;2020;6;78;25;1;50,0;50,0;June
1207;2020;6;44;2;1;98,29;98,29;June
1208;2020;6;66;19;7;541,59;3791,13;June
1209;2020;6;41;11;4;1954,235;7816,94;June
1210;2020;6;44;20;1;562,945;562,945;June
1211;2020;6;66;57;8;738,67;5909,36;June
1212;2020;6;6;37;5;50,0;250,0;June
1213;2020;6;66;16;12;823,485;9881,82;June
1214;2020;6;72;14;3;999,07;2997,21;June
1215;2020;6;44;42;1;59,5;59,5;June
1216;2020;6;6;2;1;504,185;504,185;June
1217;2020;6;55;38;1;618,52;618,52;June
1218;2020;6;72;44;1;1853,395;1853,395;June
1219;2020;6;55;9;1;278,615;278,615;June
1220;2020;6;23;16;1;232,52;232,52;June
1221;2020;6;66;39;1;71,325;71,325;June
1222;2020;6;72;20;8;5526,51;44212,08;June
1223;2020;6;4;16;1;2825,015;2825,015;June
1224;2020;6;55;35;1;145,38;145,38;June
1225;2020;6;31;16;6;5610,91;33665,46;June
1226;2020;6;62;22;3;95,5;286,5;June
1227;2020;6;44;12;5;2419,175;12095,875;June
1228;2020;6;31;20;9;14617,75;131559,75;June
1229;2020;6;31;2;1;1026,23;1026,23;June
1230;2020;6;72;16;12;2614,34;31372,08;June
1231;2020;6;66;35;5;235,85;1179,25;June
1232;2020;6;44;19;2;115,965;231,93;June
1233;2020;6;21;9;2;1398,51;2797,02;June
1234;2020;6;44;9;2;123,22;246,44;June
1235;2020;6;31;17;2;97,505;195,01;June
1236;2020;6;75;25;1;87,48;87,48;June
1237;2020;6;66;9;5;188,505;942,525;June
1238;2020;6;72;2;7;2250,24;15751,679999999998;June
1239;2020;6;79;17;1;33,86;33,86;June
1240;2020;6;66;42;1;72,36;72,36;June
1241;2020;6;72;17;2;522,83;1045,66;June
